length,mean,std
50,0.549844,0.046662
100,0.542656,0.035569
200,0.549375,0.025130
