length,mean,std
50,0.627148,0.006905
100,0.569336,0.050547
200,0.540039,0.026240
