{
  "seed": 42,
  "per_length": {
    "50": {
      "test_loss": 0.000214693804991839,
      "test_accuracy": 1.0
    },
    "100": {
      "test_loss": 0.0002147290006178082,
      "test_accuracy": 1.0
    },
    "200": {
      "test_loss": 0.0002147777331629186,
      "test_accuracy": 1.0
    }
  },
  "lengths": [
    50,
    100,
    200
  ],
  "mean_accuracy": 1.0
}