{
  "seed": 123,
  "per_length": {
    "50": {
      "test_loss": 0.00018116062801709631,
      "test_accuracy": 1.0
    },
    "100": {
      "test_loss": 0.00018116453702532453,
      "test_accuracy": 1.0
    },
    "200": {
      "test_loss": 0.00018116965838999022,
      "test_accuracy": 1.0
    }
  },
  "lengths": [
    50,
    100,
    200
  ],
  "mean_accuracy": 1.0
}