{
  "seed": 456,
  "per_length": {
    "50": {
      "test_loss": 1.438875202089548,
      "test_accuracy": 0.5703125
    },
    "100": {
      "test_loss": 1.881806954741478,
      "test_accuracy": 0.530859375372529
    },
    "200": {
      "test_loss": 1.6446835473179817,
      "test_accuracy": 0.5636718757450581
    }
  },
  "lengths": [
    50,
    100,
    200
  ],
  "mean_accuracy": 0.5549479170391957
}