{
  "seed": 1024,
  "per_length": {
    "50": {
      "test_loss": 1.747779294848442,
      "test_accuracy": 0.51953125
    },
    "100": {
      "test_loss": 1.6407162956893444,
      "test_accuracy": 0.5324218757450581
    },
    "200": {
      "test_loss": 1.7995185554027557,
      "test_accuracy": 0.5222656242549419
    }
  },
  "lengths": [
    50,
    100,
    200
  ],
  "mean_accuracy": 0.5247395833333334
}