{
  "seed": 789,
  "per_length": {
    "50": {
      "test_loss": 0.00014920442481525242,
      "test_accuracy": 1.0
    },
    "100": {
      "test_loss": 0.00014920260946382768,
      "test_accuracy": 1.0
    },
    "200": {
      "test_loss": 0.00014919785917300032,
      "test_accuracy": 1.0
    }
  },
  "lengths": [
    50,
    100,
    200
  ],
  "mean_accuracy": 1.0
}