{
  "seed": 1024,
  "per_length": {
    "50": {
      "test_loss": 0.0002467921276547713,
      "test_accuracy": 1.0
    },
    "100": {
      "test_loss": 0.0002468309048708761,
      "test_accuracy": 1.0
    },
    "200": {
      "test_loss": 0.00024691433827683795,
      "test_accuracy": 1.0
    }
  },
  "lengths": [
    50,
    100,
    200
  ],
  "mean_accuracy": 1.0
}