{
  "seed": 42,
  "per_length": {
    "50": {
      "test_loss": 1.1896189786493778,
      "test_accuracy": 0.6320312507450581
    },
    "100": {
      "test_loss": 1.7980397418141365,
      "test_accuracy": 0.533593749627471
    },
    "200": {
      "test_loss": 1.7520208358764648,
      "test_accuracy": 0.521484375
    }
  },
  "lengths": [
    50,
    100,
    200
  ],
  "mean_accuracy": 0.562369791790843
}