{
  "seed": 456,
  "per_length": {
    "50": {
      "test_loss": 0.0001623658890821389,
      "test_accuracy": 1.0
    },
    "100": {
      "test_loss": 0.00016238563057413558,
      "test_accuracy": 1.0
    },
    "200": {
      "test_loss": 0.00016237464296864346,
      "test_accuracy": 1.0
    }
  },
  "lengths": [
    50,
    100,
    200
  ],
  "mean_accuracy": 1.0
}