{
  "seed": 123,
  "per_length": {
    "50": {
      "test_loss": 1.1209003627300262,
      "test_accuracy": 0.6222656257450581
    },
    "100": {
      "test_loss": 1.277776900678873,
      "test_accuracy": 0.6050781235098839
    },
    "200": {
      "test_loss": 1.5220828019082546,
      "test_accuracy": 0.55859375
    }
  },
  "lengths": [
    50,
    100,
    200
  ],
  "mean_accuracy": 0.5953124997516474
}