{
  "seed": 42,
  "per_length": {
    "50": {
      "test_loss": 1.6392374709248543,
      "test_accuracy": 0.5277343764901161
    },
    "100": {
      "test_loss": 1.8531035259366035,
      "test_accuracy": 0.515234375372529
    },
    "200": {
      "test_loss": 1.7748018205165863,
      "test_accuracy": 0.523828124627471
    }
  },
  "lengths": [
    50,
    100,
    200
  ],
  "mean_accuracy": 0.5222656254967054
}