{
  "seed": 789,
  "per_length": {
    "50": {
      "test_loss": 1.8667059689760208,
      "test_accuracy": 0.509375000372529
    },
    "100": {
      "test_loss": 1.9904124364256859,
      "test_accuracy": 0.5296875014901161
    },
    "200": {
      "test_loss": 1.7153651863336563,
      "test_accuracy": 0.5785156264901161
    }
  },
  "lengths": [
    50,
    100,
    200
  ],
  "mean_accuracy": 0.5391927094509205
}