{
  "task": "dyck2",
  "model": "gru",
  "seeds": [
    42,
    123
  ],
  "test_lengths": [
    50,
    100,
    200
  ],
  "accuracy_vs_length": {
    "50": {
      "mean": 0.6271484382450581,
      "std": 0.006905339660024878
    },
    "100": {
      "mean": 0.5693359365686774,
      "std": 0.0505470855211287
    },
    "200": {
      "mean": 0.5400390625,
      "std": 0.026240290708094537
    }
  }
}