{
  "task": "dyck2",
  "model": "gru",
  "seeds": [
    42,
    123,
    456,
    789,
    1024
  ],
  "test_lengths": [
    50,
    100,
    200
  ],
  "accuracy_vs_length": {
    "50": {
      "mean": 0.5498437505215407,
      "std": 0.046661787263926176
    },
    "100": {
      "mean": 0.5426562502980232,
      "std": 0.03556875948725152
    },
    "200": {
      "mean": 0.5493750002235174,
      "std": 0.025130276632256057
    }
  }
}