p_dim,test_accuracy_mean,test_accuracy_std,n
4.0,0.980593,0.001344,5
8.0,0.981330,0.001582,5
16.0,0.980892,0.001683,5
32.0,0.980991,0.001643,5
