lambda,test_mse_mean,test_mse_std,n
0.1,2932.999060,68.788970,5
0.3,2934.590166,90.151025,5
