lambda,test_accuracy_mean,test_accuracy_std,n
0.1,0.967158,0.002105,5
0.3,0.967635,0.001939,5
0.5,0.964819,0.002745,2
