lambda,test_mse_mean,test_mse_std,n
0.1,2977.526692,103.133683,7
0.3,2982.776852,107.911937,7
0.5,2960.717865,68.523958,7
0.7,2993.474999,106.427834,5
1.0,3006.983219,100.565209,5
