p_dim,test_mse_mean,test_mse_std,n
4.0,2989.555305,83.208510,5
8.0,3028.930381,120.315789,5
16.0,2979.267154,107.159506,5
32.0,2914.361432,49.419533,5
