seed,best_epoch,best_val_metric,final_val_loss
42,1,0.11265923566878981,2.300829752235656
123,1,0.11265923566878981,2.3007814686769135
456,1,0.11265923566878981,2.3010082776379432
789,1,0.11265923566878981,2.300940536389685
1024,1,0.11265923566878981,2.301073886786297
