seed,best_epoch,best_val_metric,final_val_loss
42,47,0.005948124043243297,0.13465011165681062
123,48,0.030310058893519454,0.04044175477974932
456,48,0.0034811130824436987,0.0037687399599235505
789,48,0.008754677066463046,0.02866276793065481
1024,50,0.029225640758795635,0.029225640758795635
