seed,best_epoch,best_val_metric,final_val_loss
42,2,0.9555135350318471,0.1681257004072522
123,2,0.9500398089171974,0.18461475908091873
456,2,0.9434713375796179,0.22062529738589076
789,2,0.9460589171974523,0.1947981339114107
1024,2,0.9501393312101911,0.18555786508093974
