length,mean,std
50,0.541250,0.056238
100,0.554766,0.033620
200,0.547109,0.021289
