length,mean,std
50,0.566016,0.035355
100,0.549414,0.008010
200,0.530273,0.000829
