{
  "seed": 789,
  "per_length": {
    "50": {
      "test_loss": 0.00018222484504804015,
      "test_accuracy": 1.0
    },
    "100": {
      "test_loss": 0.00018222777907794807,
      "test_accuracy": 1.0
    },
    "200": {
      "test_loss": 0.00018222228482045466,
      "test_accuracy": 1.0
    }
  },
  "lengths": [
    50,
    100,
    200
  ],
  "mean_accuracy": 1.0
}