{
  "seed": 456,
  "per_length": {
    "50": {
      "test_loss": 1.4231561981141567,
      "test_accuracy": 0.515234375372529
    },
    "100": {
      "test_loss": 1.7859280593693256,
      "test_accuracy": 0.5574218742549419
    },
    "200": {
      "test_loss": 1.6333687789738178,
      "test_accuracy": 0.576171875
    }
  },
  "lengths": [
    50,
    100,
    200
  ],
  "mean_accuracy": 0.5496093748758236
}