{
  "seed": 42,
  "per_length": {
    "50": {
      "test_loss": 1.0908399410545826,
      "test_accuracy": 0.5910156257450581
    },
    "100": {
      "test_loss": 1.5659083500504494,
      "test_accuracy": 0.5437499992549419
    },
    "200": {
      "test_loss": 1.6248227953910828,
      "test_accuracy": 0.530859375372529
    }
  },
  "lengths": [
    50,
    100,
    200
  ],
  "mean_accuracy": 0.5552083334575096
}