{
  "seed": 1024,
  "per_length": {
    "50": {
      "test_loss": 0.00011202963833056856,
      "test_accuracy": 1.0
    },
    "100": {
      "test_loss": 0.00011202200130355777,
      "test_accuracy": 1.0
    },
    "200": {
      "test_loss": 0.00011202437644897145,
      "test_accuracy": 1.0
    }
  },
  "lengths": [
    50,
    100,
    200
  ],
  "mean_accuracy": 1.0
}