{
  "seed": 789,
  "per_length": {
    "50": {
      "test_loss": 1.2327504456043243,
      "test_accuracy": 0.521874999627471
    },
    "100": {
      "test_loss": 1.455074556171894,
      "test_accuracy": 0.5734375007450581
    },
    "200": {
      "test_loss": 1.3648618124425411,
      "test_accuracy": 0.5613281242549419
    }
  },
  "lengths": [
    50,
    100,
    200
  ],
  "mean_accuracy": 0.5522135415424904
}