{
  "seed": 1024,
  "per_length": {
    "50": {
      "test_loss": 0.8280808627605438,
      "test_accuracy": 0.63671875
    },
    "100": {
      "test_loss": 1.3360596671700478,
      "test_accuracy": 0.5882812514901161
    },
    "200": {
      "test_loss": 1.6162617839872837,
      "test_accuracy": 0.5421875007450581
    }
  },
  "lengths": [
    50,
    100,
    200
  ],
  "mean_accuracy": 0.5890625007450581
}