{
  "seed": 42,
  "per_length": {
    "50": {
      "test_loss": 1.4652192071080208,
      "test_accuracy": 0.49140625074505806
    },
    "100": {
      "test_loss": 1.6132318265736103,
      "test_accuracy": 0.49960937537252903
    },
    "200": {
      "test_loss": 1.5499937608838081,
      "test_accuracy": 0.5261718742549419
    }
  },
  "lengths": [
    50,
    100,
    200
  ],
  "mean_accuracy": 0.505729166790843
}