{
  "seed": 42,
  "per_length": {
    "50": {
      "test_loss": 0.0001425641112291487,
      "test_accuracy": 1.0
    },
    "100": {
      "test_loss": 0.0001425641112291487,
      "test_accuracy": 1.0
    },
    "200": {
      "test_loss": 0.0001425641112291487,
      "test_accuracy": 1.0
    }
  },
  "lengths": [
    50,
    100,
    200
  ],
  "mean_accuracy": 1.0
}