{
  "seed": 123,
  "per_length": {
    "50": {
      "test_loss": 2.2016042172908783,
      "test_accuracy": 0.541015625
    },
    "100": {
      "test_loss": 1.8700364157557487,
      "test_accuracy": 0.5550781264901161
    },
    "200": {
      "test_loss": 2.077534042298794,
      "test_accuracy": 0.5296875014901161
    }
  },
  "lengths": [
    50,
    100,
    200
  ],
  "mean_accuracy": 0.5419270843267441
}