seed,best_epoch,best_val_metric,final_val_loss
42,1,0.873046875,0.3252290836535394
123,2,0.8876953125,0.27513241954147816
456,2,0.86328125,0.3006219728849828
789,2,0.880859375,0.28912406601011753
1024,2,0.8681640625,0.31972126942127943
