{
  "task": "dyck2",
  "model": "lstm",
  "seeds": [
    42,
    123,
    456,
    789,
    1024
  ],
  "test_lengths": [
    50,
    100,
    200
  ],
  "accuracy_vs_length": {
    "50": {
      "mean": 0.5412500001490116,
      "std": 0.05623819845573297
    },
    "100": {
      "mean": 0.5547656256705522,
      "std": 0.03362031139474118
    },
    "200": {
      "mean": 0.5471093751490116,
      "std": 0.02128924139589098
    }
  }
}