{
  "task": "dyck2",
  "model": "lstm",
  "seeds": [
    42,
    123
  ],
  "test_lengths": [
    50,
    100,
    200
  ],
  "accuracy_vs_length": {
    "50": {
      "mean": 0.566015625372529,
      "std": 0.035355339586162986
    },
    "100": {
      "mean": 0.549414062872529,
      "std": 0.008010195586135678
    },
    "200": {
      "mean": 0.5302734384313226,
      "std": 0.0008286399689495758
    }
  }
}