{
  "variant": "F_only",
  "seed": 42,
  "metric_value": 3592.726152420044,
  "per_length": {
    "50": {
      "test_loss": 312.46000480651855,
      "test_mse": 312.46000480651855
    },
    "100": {
      "test_loss": 1824.9653091430664,
      "test_mse": 1824.9653091430664
    },
    "200": {
      "test_loss": 8640.753143310547,
      "test_mse": 8640.753143310547
    }
  }
}