{
  "variant": "F_only",
  "seed": 123,
  "metric_value": 3587.6370525360107,
  "per_length": {
    "50": {
      "test_loss": 312.8586368560791,
      "test_mse": 312.8586368560791
    },
    "100": {
      "test_loss": 1847.8385314941406,
      "test_mse": 1847.8385314941406
    },
    "200": {
      "test_loss": 8602.213989257812,
      "test_mse": 8602.213989257812
    }
  }
}