{
  "variant": "F_only",
  "seed": 789,
  "metric_value": 3073.4454708099365,
  "per_length": {
    "50": {
      "test_loss": 177.7153720855713,
      "test_mse": 177.7153720855713
    },
    "100": {
      "test_loss": 1414.4997329711914,
      "test_mse": 1414.4997329711914
    },
    "200": {
      "test_loss": 7628.121307373047,
      "test_mse": 7628.121307373047
    }
  }
}