{
  "variant": "F_only",
  "seed": 123,
  "metric_value": 2896.2716784477234,
  "per_length": {
    "50": {
      "test_loss": 139.49218225479126,
      "test_mse": 139.49218225479126
    },
    "100": {
      "test_loss": 1255.5410232543945,
      "test_mse": 1255.5410232543945
    },
    "200": {
      "test_loss": 7293.781829833984,
      "test_mse": 7293.781829833984
    }
  }
}