{
  "variant": "F_only",
  "seeds": [
    42,
    123
  ],
  "mean_mse": 3590.1816024780273,
  "std_mse": 3.5985370381355506,
  "n": 2
}