length,mean,std
50,0.599609,0.019335
100,0.530273,0.026240
200,0.524414,0.000829
