length,mean,std
50,0.586328,0.010111
100,0.541797,0.015071
200,0.545703,0.024505
