{
  "seed": 789,
  "per_length": {
    "50": {
      "test_loss": 0.00018877397724281764,
      "test_accuracy": 1.0
    },
    "100": {
      "test_loss": 0.00018883332813857123,
      "test_accuracy": 1.0
    },
    "200": {
      "test_loss": 0.00018888300110120326,
      "test_accuracy": 1.0
    }
  },
  "lengths": [
    50,
    100,
    200
  ],
  "mean_accuracy": 1.0
}