{
  "seed": 42,
  "per_length": {
    "50": {
      "test_loss": 1.2932830341160297,
      "test_accuracy": 0.5968750007450581
    },
    "100": {
      "test_loss": 1.8851760402321815,
      "test_accuracy": 0.517968749627471
    },
    "200": {
      "test_loss": 1.7805120274424553,
      "test_accuracy": 0.519140625372529
    }
  },
  "lengths": [
    50,
    100,
    200
  ],
  "mean_accuracy": 0.544661458581686
}