{
  "seed": 456,
  "per_length": {
    "50": {
      "test_loss": 1.097136240452528,
      "test_accuracy": 0.5953124985098839
    },
    "100": {
      "test_loss": 1.5234710946679115,
      "test_accuracy": 0.538671875372529
    },
    "200": {
      "test_loss": 1.341937355697155,
      "test_accuracy": 0.5558593757450581
    }
  },
  "lengths": [
    50,
    100,
    200
  ],
  "mean_accuracy": 0.5632812498758236
}