{
  "seed": 42,
  "per_length": {
    "50": {
      "test_loss": 0.0003227289143978851,
      "test_accuracy": 1.0
    },
    "100": {
      "test_loss": 0.000322728774335701,
      "test_accuracy": 1.0
    },
    "200": {
      "test_loss": 0.00032272448879666626,
      "test_accuracy": 1.0
    }
  },
  "lengths": [
    50,
    100,
    200
  ],
  "mean_accuracy": 1.0
}