{
  "seed": 456,
  "per_length": {
    "50": {
      "test_loss": 0.00026610833629092667,
      "test_accuracy": 1.0
    },
    "100": {
      "test_loss": 0.00026611099019646645,
      "test_accuracy": 1.0
    },
    "200": {
      "test_loss": 0.0002661050766619155,
      "test_accuracy": 1.0
    }
  },
  "lengths": [
    50,
    100,
    200
  ],
  "mean_accuracy": 1.0
}