{
  "seed": 123,
  "per_length": {
    "50": {
      "test_loss": 1.4809785149991512,
      "test_accuracy": 0.5859375
    },
    "100": {
      "test_loss": 1.6536483317613602,
      "test_accuracy": 0.548828125
    },
    "200": {
      "test_loss": 1.9741406738758087,
      "test_accuracy": 0.5249999985098839
    }
  },
  "lengths": [
    50,
    100,
    200
  ],
  "mean_accuracy": 0.553255207836628
}