{
  "seed": 123,
  "per_length": {
    "50": {
      "test_loss": 0.0002457589453115361,
      "test_accuracy": 1.0
    },
    "100": {
      "test_loss": 0.0002457674199831672,
      "test_accuracy": 1.0
    },
    "200": {
      "test_loss": 0.00024576528085162863,
      "test_accuracy": 1.0
    }
  },
  "lengths": [
    50,
    100,
    200
  ],
  "mean_accuracy": 1.0
}