{
  "seed": 789,
  "per_length": {
    "50": {
      "test_loss": 1.298123836517334,
      "test_accuracy": 0.5808593742549419
    },
    "100": {
      "test_loss": 1.8275200054049492,
      "test_accuracy": 0.5453125014901161
    },
    "200": {
      "test_loss": 1.5913991928100586,
      "test_accuracy": 0.5796874985098839
    }
  },
  "lengths": [
    50,
    100,
    200
  ],
  "mean_accuracy": 0.568619791418314
}