{
  "seed": 42,
  "per_length": {
    "50": {
      "test_loss": 1.1133739911019802,
      "test_accuracy": 0.61328125
    },
    "100": {
      "test_loss": 1.482028789818287,
      "test_accuracy": 0.51171875
    },
    "200": {
      "test_loss": 1.4565154388546944,
      "test_accuracy": 0.523828124627471
    }
  },
  "lengths": [
    50,
    100,
    200
  ],
  "mean_accuracy": 0.5496093748758236
}