{
  "seed": 1024,
  "per_length": {
    "50": {
      "test_loss": 1.3543146029114723,
      "test_accuracy": 0.5726562514901161
    },
    "100": {
      "test_loss": 1.4334111884236336,
      "test_accuracy": 0.5582031235098839
    },
    "200": {
      "test_loss": 1.5709060281515121,
      "test_accuracy": 0.548828125
    }
  },
  "lengths": [
    50,
    100,
    200
  ],
  "mean_accuracy": 0.5598958333333334
}