{
  "task": "dyck2",
  "model": "ion",
  "seeds": [
    42,
    123
  ],
  "test_lengths": [
    50,
    100,
    200
  ],
  "accuracy_vs_length": {
    "50": {
      "mean": 0.599609375,
      "std": 0.01933495104806966
    },
    "100": {
      "mean": 0.5302734375,
      "std": 0.026240290708094537
    },
    "200": {
      "mean": 0.5244140615686774,
      "std": 0.0008286399689495758
    }
  }
}