{
  "task": "dyck2",
  "model": "ion",
  "seeds": [
    42,
    123,
    456,
    789,
    1024
  ],
  "test_lengths": [
    50,
    100,
    200
  ],
  "accuracy_vs_length": {
    "50": {
      "mean": 0.586328125,
      "std": 0.010111076886504967
    },
    "100": {
      "mean": 0.541796875,
      "std": 0.01507073553106507
    },
    "200": {
      "mean": 0.545703124627471,
      "std": 0.024505298049508253
    }
  }
}