length,mean,std
50,312.408813,0.081940
100,1835.682732,15.314295
200,8619.869278,29.044873
