length,mean,std
50,314.392715,3.479310
100,1815.446315,23.097965
200,8616.458838,18.287956
