length,mean,std
50,319.477587,0.000000
100,1825.829689,0.000000
200,8507.766724,0.000000
