{
  "seed": 42,
  "per_length": {
    "50": {
      "test_loss": 309.6581745147705,
      "test_mse": 309.6581745147705
    },
    "100": {
      "test_loss": 1816.4474792480469,
      "test_mse": 1816.4474792480469
    },
    "200": {
      "test_loss": 8620.7333984375,
      "test_mse": 8620.7333984375
    }
  },
  "lengths": [
    50,
    100,
    200
  ],
  "mean_mse": 3582.2796840667725
}