{
  "seed": 123,
  "per_length": {
    "50": {
      "test_loss": 312.3508720397949,
      "test_mse": 312.3508720397949
    },
    "100": {
      "test_loss": 1846.511573791504,
      "test_mse": 1846.511573791504
    },
    "200": {
      "test_loss": 8599.331451416016,
      "test_mse": 8599.331451416016
    }
  },
  "lengths": [
    50,
    100,
    200
  ],
  "mean_mse": 3586.0646324157715
}