{
  "seed": 789,
  "per_length": {
    "50": {
      "test_loss": 314.56949615478516,
      "test_mse": 314.56949615478516
    },
    "100": {
      "test_loss": 1791.5664443969727,
      "test_mse": 1791.5664443969727
    },
    "200": {
      "test_loss": 8635.478210449219,
      "test_mse": 8635.478210449219
    }
  },
  "lengths": [
    50,
    100,
    200
  ],
  "mean_mse": 3580.5380503336587
}