{
  "seed": 123,
  "per_length": {
    "50": {
      "test_loss": 146.60633182525635,
      "test_mse": 146.60633182525635
    },
    "100": {
      "test_loss": 1284.7450103759766,
      "test_mse": 1284.7450103759766
    },
    "200": {
      "test_loss": 7342.2620849609375,
      "test_mse": 7342.2620849609375
    }
  },
  "lengths": [
    50,
    100,
    200
  ],
  "mean_mse": 2924.5378090540567
}