{
  "seed": 456,
  "per_length": {
    "50": {
      "test_loss": 317.5725402832031,
      "test_mse": 317.5725402832031
    },
    "100": {
      "test_loss": 1794.556411743164,
      "test_mse": 1794.556411743164
    },
    "200": {
      "test_loss": 8595.411315917969,
      "test_mse": 8595.411315917969
    }
  },
  "lengths": [
    50,
    100,
    200
  ],
  "mean_mse": 3569.180089314779
}