{
  "seed": 789,
  "per_length": {
    "50": {
      "test_loss": 175.4149351119995,
      "test_mse": 175.4149351119995
    },
    "100": {
      "test_loss": 1424.1254348754883,
      "test_mse": 1424.1254348754883
    },
    "200": {
      "test_loss": 7678.222015380859,
      "test_mse": 7678.222015380859
    }
  },
  "lengths": [
    50,
    100,
    200
  ],
  "mean_mse": 3092.587461789449
}