{
  "seed": 1024,
  "per_length": {
    "50": {
      "test_loss": 317.81249046325684,
      "test_mse": 317.81249046325684
    },
    "100": {
      "test_loss": 1828.1496658325195,
      "test_mse": 1828.1496658325195
    },
    "200": {
      "test_loss": 8631.339813232422,
      "test_mse": 8631.339813232422
    }
  },
  "lengths": [
    50,
    100,
    200
  ],
  "mean_mse": 3592.433989842733
}