{
  "seed": 42,
  "per_length": {
    "50": {
      "test_loss": 319.4775867462158,
      "test_mse": 319.4775867462158
    },
    "100": {
      "test_loss": 1825.829689025879,
      "test_mse": 1825.829689025879
    },
    "200": {
      "test_loss": 8507.766723632812,
      "test_mse": 8507.766723632812
    }
  },
  "lengths": [
    50,
    100,
    200
  ],
  "mean_mse": 3551.0246664683023
}