{
  "seed": 456,
  "per_length": {
    "50": {
      "test_loss": 173.51339435577393,
      "test_mse": 173.51339435577393
    },
    "100": {
      "test_loss": 1408.9885940551758,
      "test_mse": 1408.9885940551758
    },
    "200": {
      "test_loss": 7677.374664306641,
      "test_mse": 7677.374664306641
    }
  },
  "lengths": [
    50,
    100,
    200
  ],
  "mean_mse": 3086.6255509058633
}