{
  "seed": 1024,
  "per_length": {
    "50": {
      "test_loss": 162.56810665130615,
      "test_mse": 162.56810665130615
    },
    "100": {
      "test_loss": 1358.808349609375,
      "test_mse": 1358.808349609375
    },
    "200": {
      "test_loss": 7480.2960205078125,
      "test_mse": 7480.2960205078125
    }
  },
  "lengths": [
    50,
    100,
    200
  ],
  "mean_mse": 3000.5574922561646
}