{
  "seed": 42,
  "per_length": {
    "50": {
      "test_loss": 312.46675300598145,
      "test_mse": 312.46675300598145
    },
    "100": {
      "test_loss": 1824.853889465332,
      "test_mse": 1824.853889465332
    },
    "200": {
      "test_loss": 8640.407104492188,
      "test_mse": 8640.407104492188
    }
  },
  "lengths": [
    50,
    100,
    200
  ],
  "mean_mse": 3592.5759156545005
}