{
  "task": "cumsum",
  "model": "ion",
  "seeds": [
    42,
    123,
    456,
    789,
    1024
  ],
  "test_lengths": [
    50,
    100,
    200
  ],
  "accuracy_vs_length": {
    "50": {
      "mean": 314.3927146911621,
      "std": 3.4793103090948283
    },
    "100": {
      "mean": 1815.4463150024415,
      "std": 23.09796546292577
    },
    "200": {
      "mean": 8616.458837890625,
      "std": 18.287956256473382
    }
  }
}