{
  "task": "cumsum",
  "model": "ion",
  "seeds": [
    42,
    123
  ],
  "test_lengths": [
    50,
    100,
    200
  ],
  "accuracy_vs_length": {
    "50": {
      "mean": 312.4088125228882,
      "std": 0.08194021700093974
    },
    "100": {
      "mean": 1835.682731628418,
      "std": 15.314295451833736
    },
    "200": {
      "mean": 8619.869277954102,
      "std": 29.044872831827202
    }
  }
}