{
  "task": "cumsum",
  "model": "ion",
  "seeds": [
    42
  ],
  "test_lengths": [
    50,
    100,
    200
  ],
  "accuracy_vs_length": {
    "50": {
      "mean": 319.4775867462158,
      "std": 0.0
    },
    "100": {
      "mean": 1825.829689025879,
      "std": 0.0
    },
    "200": {
      "mean": 8507.766723632812,
      "std": 0.0
    }
  }
}