{
  "variant": "P_only",
  "seed": 1024,
  "metric_value": 2905.559635480245,
  "per_length": {
    "50": {
      "test_loss": 145.36357593536377,
      "test_mse": 145.36357593536377
    },
    "100": {
      "test_loss": 1281.903221130371,
      "test_mse": 1281.903221130371
    },
    "200": {
      "test_loss": 7289.412109375,
      "test_mse": 7289.412109375
    }
  }
}