{
  "variant": "P_only",
  "seed": 123,
  "metric_value": 2873.8994409243264,
  "per_length": {
    "50": {
      "test_loss": 135.36954927444458,
      "test_mse": 135.36954927444458
    },
    "100": {
      "test_loss": 1235.777961730957,
      "test_mse": 1235.777961730957
    },
    "200": {
      "test_loss": 7250.550811767578,
      "test_mse": 7250.550811767578
    }
  }
}