{
  "variant": "P_only",
  "seed": 42,
  "metric_value": 3592.736431121826,
  "per_length": {
    "50": {
      "test_loss": 312.46350479125977,
      "test_mse": 312.46350479125977
    },
    "100": {
      "test_loss": 1824.9739990234375,
      "test_mse": 1824.9739990234375
    },
    "200": {
      "test_loss": 8640.771789550781,
      "test_mse": 8640.771789550781
    }
  }
}