{
  "variant": "P_only",
  "seed": 123,
  "metric_value": 3586.8006025950112,
  "per_length": {
    "50": {
      "test_loss": 312.57494926452637,
      "test_mse": 312.57494926452637
    },
    "100": {
      "test_loss": 1847.1356658935547,
      "test_mse": 1847.1356658935547
    },
    "200": {
      "test_loss": 8600.691192626953,
      "test_mse": 8600.691192626953
    }
  }
}