{
  "variant": "P_only",
  "seed": 456,
  "metric_value": 3085.771762530009,
  "per_length": {
    "50": {
      "test_loss": 168.82922649383545,
      "test_mse": 168.82922649383545
    },
    "100": {
      "test_loss": 1403.1066665649414,
      "test_mse": 1403.1066665649414
    },
    "200": {
      "test_loss": 7685.37939453125,
      "test_mse": 7685.37939453125
    }
  }
}