{
  "variant": "P_only",
  "seed": 789,
  "metric_value": 3048.30805683136,
  "per_length": {
    "50": {
      "test_loss": 174.47666835784912,
      "test_mse": 174.47666835784912
    },
    "100": {
      "test_loss": 1397.545280456543,
      "test_mse": 1397.545280456543
    },
    "200": {
      "test_loss": 7572.9022216796875,
      "test_mse": 7572.9022216796875
    }
  }
}