{
  "variant": "P_only",
  "seed": 42,
  "metric_value": 3551.1641063690186,
  "per_length": {
    "50": {
      "test_loss": 319.52591133117676,
      "test_mse": 319.52591133117676
    },
    "100": {
      "test_loss": 1825.946632385254,
      "test_mse": 1825.946632385254
    },
    "200": {
      "test_loss": 8508.019775390625,
      "test_mse": 8508.019775390625
    }
  }
}