seed,best_epoch,best_val_metric,final_val_loss
42,2,6.474977687001228,6.474977687001228
123,2,5.998865179717541,5.998865179717541
