{
  "variant": "P_only",
  "seeds": [
    42,
    123
  ],
  "mean_mse": 3589.7685168584185,
  "std_mse": 4.197264603271392,
  "n": 2
}