seed,best_epoch,best_val_metric,final_val_loss
42,49,0.0061839913823860115,0.11663529876386747
123,48,0.030279425816843286,0.04247007728918106
456,48,0.003362163661449813,0.0035815015999105526
789,48,0.009167415189040184,0.024599776952527463
1024,50,0.02910324178242263,0.02910324178242263
