seed,best_epoch,best_val_metric,final_val_loss
42,1,0.11265923566878981,2.3008907904290847
123,1,0.11265923566878981,2.3008246528115244
456,1,0.11265923566878981,2.301063944579689
789,1,0.11265923566878981,2.300950972137937
1024,1,0.11265923566878981,2.300931476483679
