seed,best_epoch,best_val_metric,final_val_loss
42,2,0.9557125796178344,0.15719500573790945
123,2,0.9549164012738853,0.15997674718356816
456,2,0.9553144904458599,0.16282421209297743
789,2,0.9536226114649682,0.16849297043054726
1024,2,0.9560111464968153,0.15181334326221685
