seed,best_epoch,best_val_metric,final_val_loss
42,2,0.9648686305732485,0.11547717325104649
123,1,0.9620820063694268,0.1419308218618582
456,1,0.963077229299363,0.13188423263798854
789,2,0.9717356687898089,0.10034335646956305
1024,2,0.9636743630573248,0.12639936386566064
