seed,best_epoch,best_val_metric,final_val_loss
42,2,0.9568073248407644,0.14625911976976
123,2,0.9585987261146497,0.13952374015786465
456,2,0.9579020700636943,0.13661247591493994
789,2,0.955812101910828,0.14004233063074054
1024,2,0.9561106687898089,0.1481058416757614
