{
  "variant": "full_ion",
  "seed": 789,
  "metric_value": 3233.6926148732505,
  "per_length": {
    "50": {
      "test_loss": 209.5908908843994,
      "test_mse": 209.5908908843994
    },
    "100": {
      "test_loss": 1541.835922241211,
      "test_mse": 1541.835922241211
    },
    "200": {
      "test_loss": 7949.651031494141,
      "test_mse": 7949.651031494141
    }
  }
}