{
  "variant": "full_ion",
  "seed": 123,
  "metric_value": 2836.6515034039817,
  "per_length": {
    "50": {
      "test_loss": 132.79694032669067,
      "test_mse": 132.79694032669067
    },
    "100": {
      "test_loss": 1212.8503189086914,
      "test_mse": 1212.8503189086914
    },
    "200": {
      "test_loss": 7164.3072509765625,
      "test_mse": 7164.3072509765625
    }
  }
}