{
  "variant": "full_ion",
  "seed": 456,
  "metric_value": 3017.4553645451865,
  "per_length": {
    "50": {
      "test_loss": 157.48729419708252,
      "test_mse": 157.48729419708252
    },
    "100": {
      "test_loss": 1348.5393829345703,
      "test_mse": 1348.5393829345703
    },
    "200": {
      "test_loss": 7546.339416503906,
      "test_mse": 7546.339416503906
    }
  }
}