{
  "variant": "full_ion",
  "seed": 42,
  "metric_value": 3592.735376358032,
  "per_length": {
    "50": {
      "test_loss": 312.46310234069824,
      "test_mse": 312.46310234069824
    },
    "100": {
      "test_loss": 1824.9730377197266,
      "test_mse": 1824.9730377197266
    },
    "200": {
      "test_loss": 8640.769989013672,
      "test_mse": 8640.769989013672
    }
  }
}