{
  "variant": "full_ion",
  "seed": 42,
  "metric_value": 3551.1642875671387,
  "per_length": {
    "50": {
      "test_loss": 319.5259895324707,
      "test_mse": 319.5259895324707
    },
    "100": {
      "test_loss": 1825.946792602539,
      "test_mse": 1825.946792602539
    },
    "200": {
      "test_loss": 8508.020080566406,
      "test_mse": 8508.020080566406
    }
  }
}