{
  "variant": "full_ion",
  "seed": 1024,
  "metric_value": 2899.4472513198853,
  "per_length": {
    "50": {
      "test_loss": 144.15805339813232,
      "test_mse": 144.15805339813232
    },
    "100": {
      "test_loss": 1277.5940704345703,
      "test_mse": 1277.5940704345703
    },
    "200": {
      "test_loss": 7276.589630126953,
      "test_mse": 7276.589630126953
    }
  }
}