{
  "variant": "full_ion",
  "seed": 123,
  "metric_value": 3587.6659037272134,
  "per_length": {
    "50": {
      "test_loss": 312.86839294433594,
      "test_mse": 312.86839294433594
    },
    "100": {
      "test_loss": 1847.862777709961,
      "test_mse": 1847.862777709961
    },
    "200": {
      "test_loss": 8602.266540527344,
      "test_mse": 8602.266540527344
    }
  }
}