seed,best_epoch,best_val_metric,final_val_loss
42,47,0.0032347943515560473,0.006258218054426834
123,40,0.0032825485304783797,0.003504308012452384
456,44,0.0036313950913609006,0.0038660248874293757
789,28,0.0004537901959338342,0.0018109884622390382
1024,49,0.002617509767333104,0.006805353710660711
42,1,5.800905533134937,5.845204442739487
