seed,best_epoch,best_val_metric,final_val_loss
42,2,6.474985256791115,6.474985256791115
123,2,5.999660603702068,5.999660603702068
