{
  "variant": "full_ion",
  "seeds": [
    42,
    123
  ],
  "mean_mse": 3590.2006400426226,
  "std_mse": 3.5846584742916066,
  "n": 2
}