{
  "depth": 16,
  "model": "ion",
  "seeds": [
    42,
    123,
    456
  ],
  "summary": {
    "depth": 16,
    "model": "ion",
    "seeds": [
      42,
      123,
      456
    ],
    "test_accuracy_mean": 0.11355493630573249,
    "test_accuracy_std": 0.0,
    "test_accuracies": [
      0.11355493630573249,
      0.11355493630573249,
      0.11355493630573249
    ]
  },
  "runs": [
    {
      "seed": 42,
      "best_val_metric": 0.11265923566878981,
      "test_accuracy": 0.11355493630573249,
      "final_train_loss": 2.3015006112930414,
      "final_val_loss": 2.3009320292503213,
      "final_ind_loss": 4.955225818530833e-07,
      "epochs": 3,
      "train_losses": [
        2.301944811630737,
        2.3015928579413374,
        2.3015006112930414
      ],
      "val_losses": [
        2.3008817381160274,
        2.300845957106086,
        2.3009320292503213
      ],
      "val_metrics": [
        0.11265923566878981,
        0.11265923566878981,
        0.11265923566878981
      ],
      "ind_losses": [
        6.883591734132606e-05,
        1.0815618213502749e-06,
        4.955225818530833e-07
      ]
    },
    {
      "seed": 123,
      "best_val_metric": 0.11265923566878981,
      "test_accuracy": 0.11355493630573249,
      "final_train_loss": 2.301440304502502,
      "final_val_loss": 2.3012461510433515,
      "final_ind_loss": 3.083487073040243e-07,
      "epochs": 3,
      "train_losses": [
        2.3017854855188626,
        2.3016401788462764,
        2.301440304502502
      ],
      "val_losses": [
        2.301308729086712,
        2.300756478765208,
        2.3012461510433515
      ],
      "val_metrics": [
        0.11265923566878981,
        0.11265923566878981,
        0.11265923566878981
      ],
      "ind_losses": [
        7.6158907889883e-05,
        7.392120136171895e-07,
        3.083487073040243e-07
      ]
    },
    {
      "seed": 456,
      "best_val_metric": 0.11265923566878981,
      "test_accuracy": 0.11355493630573249,
      "final_train_loss": 2.3015242772334066,
      "final_val_loss": 2.3010420055146428,
      "final_ind_loss": 4.058061269661147e-07,
      "epochs": 3,
      "train_losses": [
        2.302045727934679,
        2.3016385093064566,
        2.3015242772334066
      ],
      "val_losses": [
        2.3008506252507495,
        2.3009991949530924,
        2.3010420055146428
      ],
      "val_metrics": [
        0.11265923566878981,
        0.11265923566878981,
        0.11265923566878981
      ],
      "ind_losses": [
        6.20765877017483e-05,
        1.0025647237957356e-06,
        4.058061269661147e-07
      ]
    }
  ]
}