length,mean,std
50,0.573633,0.088112
100,0.583008,0.078168
200,0.598047,0.051376
