length,mean,std
50,0.535703,0.060439
100,0.534141,0.061342
200,0.539141,0.060987
