length,mean,std
50,0.455859,0.000000
100,0.500781,0.000000
200,0.519531,0.000000
