{
  "seed": 42,
  "per_length": {
    "50": {
      "test_loss": 0.5173994321376085,
      "test_accuracy": 0.5183593742549419
    },
    "100": {
      "test_loss": 0.4885151032358408,
      "test_accuracy": 0.5375000014901161
    },
    "200": {
      "test_loss": 0.4776166472584009,
      "test_accuracy": 0.5656250007450581
    }
  },
  "lengths": [
    50,
    100,
    200
  ],
  "mean_accuracy": 0.540494792163372
}