{
  "seed": 456,
  "per_length": {
    "50": {
      "test_loss": 0.5755652710795403,
      "test_accuracy": 0.48671874962747097
    },
    "100": {
      "test_loss": 0.5402821954339743,
      "test_accuracy": 0.5132812485098839
    },
    "200": {
      "test_loss": 0.5607019048184156,
      "test_accuracy": 0.48828125
    }
  },
  "lengths": [
    50,
    100,
    200
  ],
  "mean_accuracy": 0.49609374937911827
}