{
  "seed": 1024,
  "per_length": {
    "50": {
      "test_loss": 0.6244324594736099,
      "test_accuracy": 0.5441406257450581
    },
    "100": {
      "test_loss": 0.6468827966600657,
      "test_accuracy": 0.48906249925494194
    },
    "200": {
      "test_loss": 0.6345796808600426,
      "test_accuracy": 0.505859375
    }
  },
  "lengths": [
    50,
    100,
    200
  ],
  "mean_accuracy": 0.5130208333333334
}