{
  "seed": 456,
  "per_length": {
    "50": {
      "test_loss": 0.46717242524027824,
      "test_accuracy": 0.5355468764901161
    },
    "100": {
      "test_loss": 0.5358116030693054,
      "test_accuracy": 0.47812500037252903
    },
    "200": {
      "test_loss": 0.4421449042856693,
      "test_accuracy": 0.5578125007450581
    }
  },
  "lengths": [
    50,
    100,
    200
  ],
  "mean_accuracy": 0.5238281258692344
}