{
  "seed": 789,
  "per_length": {
    "50": {
      "test_loss": 0.5420212112367153,
      "test_accuracy": 0.52734375
    },
    "100": {
      "test_loss": 0.546017425134778,
      "test_accuracy": 0.5148437507450581
    },
    "200": {
      "test_loss": 0.5158704780042171,
      "test_accuracy": 0.5457031242549419
    }
  },
  "lengths": [
    50,
    100,
    200
  ],
  "mean_accuracy": 0.529296875
}