{
  "seed": 789,
  "per_length": {
    "50": {
      "test_loss": 0.6031665541231632,
      "test_accuracy": 0.49335937574505806
    },
    "100": {
      "test_loss": 0.605765026062727,
      "test_accuracy": 0.49257812462747097
    },
    "200": {
      "test_loss": 0.6075241453945637,
      "test_accuracy": 0.501562500372529
    }
  },
  "lengths": [
    50,
    100,
    200
  ],
  "mean_accuracy": 0.495833333581686
}