{
  "seed": 42,
  "per_length": {
    "50": {
      "test_loss": 0.5502857267856598,
      "test_accuracy": 0.511328125372529
    },
    "100": {
      "test_loss": 0.5205784570425749,
      "test_accuracy": 0.5277343764901161
    },
    "200": {
      "test_loss": 0.5093571953475475,
      "test_accuracy": 0.5617187507450581
    }
  },
  "lengths": [
    50,
    100,
    200
  ],
  "mean_accuracy": 0.5335937508692344
}