{
  "seed": 1024,
  "per_length": {
    "50": {
      "test_loss": 0.45645755156874657,
      "test_accuracy": 0.6730468757450581
    },
    "100": {
      "test_loss": 0.39914471190422773,
      "test_accuracy": 0.7085937485098839
    },
    "200": {
      "test_loss": 0.41240219585597515,
      "test_accuracy": 0.6863281242549419
    }
  },
  "lengths": [
    50,
    100,
    200
  ],
  "mean_accuracy": 0.6893229161699613
}