{
  "seed": 123,
  "per_length": {
    "50": {
      "test_loss": 0.5107025392353535,
      "test_accuracy": 0.5765625014901161
    },
    "100": {
      "test_loss": 0.5002753082662821,
      "test_accuracy": 0.5992187485098839
    },
    "200": {
      "test_loss": 0.4603325333446264,
      "test_accuracy": 0.6292968764901161
    }
  },
  "lengths": [
    50,
    100,
    200
  ],
  "mean_accuracy": 0.6016927088300387
}