{
  "seed": 123,
  "per_length": {
    "50": {
      "test_loss": 0.41938573867082596,
      "test_accuracy": 0.6359375007450581
    },
    "100": {
      "test_loss": 0.408306036144495,
      "test_accuracy": 0.6382812485098839
    },
    "200": {
      "test_loss": 0.4229955021291971,
      "test_accuracy": 0.6343749985098839
    }
  },
  "lengths": [
    50,
    100,
    200
  ],
  "mean_accuracy": 0.6361979159216086
}