{
  "seed": 42,
  "per_length": {
    "50": {
      "test_loss": 0.5915145706385374,
      "test_accuracy": 0.4558593761175871
    },
    "100": {
      "test_loss": 0.5764877423644066,
      "test_accuracy": 0.5007812511175871
    },
    "200": {
      "test_loss": 0.5549095403403044,
      "test_accuracy": 0.51953125
    }
  },
  "lengths": [
    50,
    100,
    200
  ],
  "mean_accuracy": 0.49205729241172474
}