seed,best_epoch,best_val_metric,final_val_loss
42,1,0.5810546875,0.6429199371486902
123,2,0.5859375,0.6186870969831944
456,1,0.595703125,0.6057039517909288
789,1,0.5791015625,0.6182920709252357
1024,1,0.607421875,0.6194195300340652
42,1,0.5810546875,0.6429199371486902
123,2,0.5859375,0.6186870969831944
456,1,0.595703125,0.6057039517909288
789,1,0.5791015625,0.6182920709252357
1024,1,0.607421875,0.6194195300340652
42,1,0.5830078125,0.6409873310476542
123,2,0.5859375,0.6186870969831944
