{
  "task": "last_token",
  "model": "ion",
  "seeds": [
    42,
    123
  ],
  "test_lengths": [
    50,
    100,
    200
  ],
  "accuracy_vs_length": {
    "50": {
      "mean": 0.5736328130587935,
      "std": 0.08811213432533525
    },
    "100": {
      "mean": 0.5830078125,
      "std": 0.0781684428441392
    },
    "200": {
      "mean": 0.598046874627471,
      "std": 0.051375725490078274
    }
  }
}