{
  "task": "last_token",
  "model": "ion",
  "seeds": [
    42,
    123,
    456,
    789,
    1024
  ],
  "test_lengths": [
    50,
    100,
    200
  ],
  "accuracy_vs_length": {
    "50": {
      "mean": 0.5357031252235174,
      "std": 0.06043878994762648
    },
    "100": {
      "mean": 0.5341406244784593,
      "std": 0.06134155875279392
    },
    "200": {
      "mean": 0.5391406249254942,
      "std": 0.060986558219611714
    }
  }
}