length,mean,std
50,0.535742,0.033974
100,0.531445,0.009115
200,0.493164,0.008010
