length,mean,std
50,0.519375,0.025600
100,0.516328,0.010963
200,0.497578,0.010384
