{
  "seed": 1024,
  "per_length": {
    "50": {
      "test_loss": 0.6928904242813587,
      "test_accuracy": 0.5210937485098839
    },
    "100": {
      "test_loss": 0.6926760971546173,
      "test_accuracy": 0.5132812485098839
    },
    "200": {
      "test_loss": 0.6933390162885189,
      "test_accuracy": 0.505859375
    }
  },
  "lengths": [
    50,
    100,
    200
  ],
  "mean_accuracy": 0.5134114573399226
}