{
  "seed": 456,
  "per_length": {
    "50": {
      "test_loss": 0.694099523127079,
      "test_accuracy": 0.490234375
    },
    "100": {
      "test_loss": 0.6952883489429951,
      "test_accuracy": 0.525000000372529
    },
    "200": {
      "test_loss": 0.6960463412106037,
      "test_accuracy": 0.45234375074505806
    }
  },
  "lengths": [
    50,
    100,
    200
  ],
  "mean_accuracy": 0.48919270870586234
}