{
  "seed": 123,
  "per_length": {
    "50": {
      "test_loss": 0.692869558930397,
      "test_accuracy": 0.5105468742549419
    },
    "100": {
      "test_loss": 0.6933871284127235,
      "test_accuracy": 0.49687499925494194
    },
    "200": {
      "test_loss": 0.6922274753451347,
      "test_accuracy": 0.5320312492549419
    }
  },
  "lengths": [
    50,
    100,
    200
  ],
  "mean_accuracy": 0.5131510409216086
}