{
  "seed": 789,
  "per_length": {
    "50": {
      "test_loss": 0.6942988634109497,
      "test_accuracy": 0.49921875074505806
    },
    "100": {
      "test_loss": 0.6925813257694244,
      "test_accuracy": 0.509765625
    },
    "200": {
      "test_loss": 0.6939659006893635,
      "test_accuracy": 0.5187500007450581
    }
  },
  "lengths": [
    50,
    100,
    200
  ],
  "mean_accuracy": 0.509244792163372
}