{
  "seed": 789,
  "per_length": {
    "50": {
      "test_loss": 0.6937912739813328,
      "test_accuracy": 0.49101562425494194
    },
    "100": {
      "test_loss": 0.6937822364270687,
      "test_accuracy": 0.509765625
    },
    "200": {
      "test_loss": 0.6932696662843227,
      "test_accuracy": 0.5
    }
  },
  "lengths": [
    50,
    100,
    200
  ],
  "mean_accuracy": 0.500260416418314
}