{
  "seed": 1024,
  "per_length": {
    "50": {
      "test_loss": 0.6933423914015293,
      "test_accuracy": 0.5242187492549419
    },
    "100": {
      "test_loss": 0.6932167522609234,
      "test_accuracy": 0.5109375007450581
    },
    "200": {
      "test_loss": 0.6939336583018303,
      "test_accuracy": 0.5023437514901161
    }
  },
  "lengths": [
    50,
    100,
    200
  ],
  "mean_accuracy": 0.5125000004967054
}