{
  "seed": 456,
  "per_length": {
    "50": {
      "test_loss": 0.6925986185669899,
      "test_accuracy": 0.519140625372529
    },
    "100": {
      "test_loss": 0.6931697130203247,
      "test_accuracy": 0.5035156235098839
    },
    "200": {
      "test_loss": 0.6932924799621105,
      "test_accuracy": 0.503515625372529
    }
  },
  "lengths": [
    50,
    100,
    200
  ],
  "mean_accuracy": 0.5087239580849806
}