{
  "seed": 42,
  "per_length": {
    "50": {
      "test_loss": 0.6926312260329723,
      "test_accuracy": 0.51171875
    },
    "100": {
      "test_loss": 0.6922997869551182,
      "test_accuracy": 0.5378906242549419
    },
    "200": {
      "test_loss": 0.6933057755231857,
      "test_accuracy": 0.48750000074505806
    }
  },
  "lengths": [
    50,
    100,
    200
  ],
  "mean_accuracy": 0.5123697916666666
}