seed,best_epoch,best_val_metric,final_val_loss
42,1,0.4609375,0.6950937528163195
123,2,0.4990234375,0.6934831738471985
456,1,0.484375,0.6942257191985846
789,1,0.509765625,0.6935007125139236
1024,2,0.505859375,0.6930541060864925
42,1,0.4609375,0.6950937528163195
123,2,0.4990234375,0.6934831738471985
456,1,0.484375,0.6942257191985846
789,1,0.509765625,0.6935007125139236
1024,2,0.505859375,0.6930541060864925
42,2,0.462890625,0.6951611451804638
123,2,0.4990234375,0.6934831738471985
