{
  "task": "parity",
  "model": "ion",
  "seeds": [
    42,
    123,
    456,
    789,
    1024
  ],
  "test_lengths": [
    50,
    100,
    200
  ],
  "accuracy_vs_length": {
    "50": {
      "mean": 0.5193749997764826,
      "std": 0.02559950188857973
    },
    "100": {
      "mean": 0.5163281239569187,
      "std": 0.010963278783199103
    },
    "200": {
      "mean": 0.49757812507450583,
      "std": 0.010384308175328528
    }
  }
}