{
  "task": "parity",
  "model": "ion",
  "seeds": [
    42,
    123
  ],
  "test_lengths": [
    50,
    100,
    200
  ],
  "accuracy_vs_length": {
    "50": {
      "mean": 0.535742187872529,
      "std": 0.033974271654158006
    },
    "100": {
      "mean": 0.5314453113824129,
      "std": 0.009115048878068445
    },
    "200": {
      "mean": 0.4931640625,
      "std": 0.008010192951957646
    }
  }
}