seed,best_epoch,best_val_metric,final_val_loss
42,2,0.9234673566878981,0.2797974035808235
123,2,0.9294386942675159,0.2727940060957602
456,2,0.8470342356687898,0.4690948509296794
789,2,0.9027667197452229,0.32229203189824035
1024,2,0.8934116242038217,0.4092349051290257
