{
  "sweep": "lambda",
  "sweep_value": 1.0,
  "task": "cumsum",
  "seed": 456,
  "metric": "mean_mse",
  "metric_value": 2960.588088671366,
  "per_length": {
    "50": {
      "test_loss": 151.48421382904053,
      "test_mse": 151.48421382904053
    },
    "100": {
      "test_loss": 1311.6489486694336,
      "test_mse": 1311.6489486694336
    },
    "200": {
      "test_loss": 7418.631103515625,
      "test_mse": 7418.631103515625
    }
  },
  "lengths": [
    50,
    100,
    200
  ]
}