{
  "sweep": "lambda",
  "sweep_value": 0.1,
  "task": "cumsum",
  "seed": 123,
  "metric": "mean_mse",
  "metric_value": 2910.3392918904624,
  "per_length": {
    "50": {
      "test_loss": 144.19879150390625,
      "test_mse": 144.19879150390625
    },
    "100": {
      "test_loss": 1279.1953048706055,
      "test_mse": 1279.1953048706055
    },
    "200": {
      "test_loss": 7307.623779296875,
      "test_mse": 7307.623779296875
    }
  },
  "lengths": [
    50,
    100,
    200
  ]
}