{
  "sweep": "lambda",
  "sweep_value": 0.5,
  "task": "cumsum",
  "seed": 123,
  "metric": "mean_mse",
  "metric_value": 3017.7819471359253,
  "per_length": {
    "50": {
      "test_loss": 164.14654636383057,
      "test_mse": 164.14654636383057
    },
    "100": {
      "test_loss": 1357.0033721923828,
      "test_mse": 1357.0033721923828
    },
    "200": {
      "test_loss": 7532.1959228515625,
      "test_mse": 7532.1959228515625
    }
  },
  "lengths": [
    50,
    100,
    200
  ]
}