{
  "sweep": "lambda",
  "sweep_value": 0.1,
  "task": "cumsum",
  "seed": 789,
  "metric": "mean_mse",
  "metric_value": 3190.8206116358438,
  "per_length": {
    "50": {
      "test_loss": 198.55365467071533,
      "test_mse": 198.55365467071533
    },
    "100": {
      "test_loss": 1505.6783828735352,
      "test_mse": 1505.6783828735352
    },
    "200": {
      "test_loss": 7868.229797363281,
      "test_mse": 7868.229797363281
    }
  },
  "lengths": [
    50,
    100,
    200
  ]
}