{
  "sweep": "lambda",
  "sweep_value": 0.5,
  "task": "cumsum",
  "seed": 1042,
  "metric": "mean_mse",
  "metric_value": 2992.9757181803384,
  "per_length": {
    "50": {
      "test_loss": 166.63422393798828,
      "test_mse": 166.63422393798828
    },
    "100": {
      "test_loss": 1355.1653366088867,
      "test_mse": 1355.1653366088867
    },
    "200": {
      "test_loss": 7457.127593994141,
      "test_mse": 7457.127593994141
    }
  },
  "lengths": [
    50,
    100,
    200
  ]
}