{
  "sweep": "lambda",
  "sweep_value": 0.7,
  "task": "cumsum",
  "seed": 42,
  "metric": "mean_mse",
  "metric_value": 2856.406986554464,
  "per_length": {
    "50": {
      "test_loss": 140.91838550567627,
      "test_mse": 140.91838550567627
    },
    "100": {
      "test_loss": 1251.4059677124023,
      "test_mse": 1251.4059677124023
    },
    "200": {
      "test_loss": 7176.8966064453125,
      "test_mse": 7176.8966064453125
    }
  },
  "lengths": [
    50,
    100,
    200
  ]
}