{
  "sweep": "lambda",
  "sweep_value": 0.3,
  "task": "cumsum",
  "seed": 123,
  "metric": "mean_mse",
  "metric_value": 3020.0959088007608,
  "per_length": {
    "50": {
      "test_loss": 165.13017177581787,
      "test_mse": 165.13017177581787
    },
    "100": {
      "test_loss": 1359.8914108276367,
      "test_mse": 1359.8914108276367
    },
    "200": {
      "test_loss": 7535.266143798828,
      "test_mse": 7535.266143798828
    }
  },
  "lengths": [
    50,
    100,
    200
  ]
}