{
  "sweep": "lambda",
  "sweep_value": 1.0,
  "task": "cumsum",
  "seed": 123,
  "metric": "mean_mse",
  "metric_value": 3030.7519594828286,
  "per_length": {
    "50": {
      "test_loss": 166.13855361938477,
      "test_mse": 166.13855361938477
    },
    "100": {
      "test_loss": 1367.0811614990234,
      "test_mse": 1367.0811614990234
    },
    "200": {
      "test_loss": 7559.036163330078,
      "test_mse": 7559.036163330078
    }
  },
  "lengths": [
    50,
    100,
    200
  ]
}