{
  "sweep": "lambda",
  "sweep_value": 0.1,
  "task": "cumsum",
  "seed": 1024,
  "metric": "mean_mse",
  "metric_value": 3008.142702102661,
  "per_length": {
    "50": {
      "test_loss": 153.99967765808105,
      "test_mse": 153.99967765808105
    },
    "100": {
      "test_loss": 1347.2537460327148,
      "test_mse": 1347.2537460327148
    },
    "200": {
      "test_loss": 7523.1746826171875,
      "test_mse": 7523.1746826171875
    }
  },
  "lengths": [
    50,
    100,
    200
  ]
}