{
  "sweep": "lambda",
  "sweep_value": 0.3,
  "task": "cumsum",
  "seed": 123,
  "metric": "mean_mse",
  "metric_value": 2875.8311948776245,
  "per_length": {
    "50": {
      "test_loss": 139.8111276626587,
      "test_mse": 139.8111276626587
    },
    "100": {
      "test_loss": 1253.729881286621,
      "test_mse": 1253.729881286621
    },
    "200": {
      "test_loss": 7233.952575683594,
      "test_mse": 7233.952575683594
    }
  },
  "lengths": [
    50,
    100,
    200
  ]
}