{
  "sweep": "lambda",
  "sweep_value": 0.3,
  "task": "cumsum",
  "seed": 42,
  "metric": "mean_mse",
  "metric_value": 2792.8689530690513,
  "per_length": {
    "50": {
      "test_loss": 132.79045295715332,
      "test_mse": 132.79045295715332
    },
    "100": {
      "test_loss": 1204.2759399414062,
      "test_mse": 1204.2759399414062
    },
    "200": {
      "test_loss": 7041.540466308594,
      "test_mse": 7041.540466308594
    }
  },
  "lengths": [
    50,
    100,
    200
  ]
}