{
  "sweep": "lambda",
  "sweep_value": 0.1,
  "task": "cumsum",
  "seed": 1042,
  "metric": "mean_mse",
  "metric_value": 2961.7123397191367,
  "per_length": {
    "50": {
      "test_loss": 157.92615795135498,
      "test_mse": 157.92615795135498
    },
    "100": {
      "test_loss": 1329.7544403076172,
      "test_mse": 1329.7544403076172
    },
    "200": {
      "test_loss": 7397.4564208984375,
      "test_mse": 7397.4564208984375
    }
  },
  "lengths": [
    50,
    100,
    200
  ]
}