{
  "sweep": "lambda",
  "sweep_value": 0.1,
  "task": "cumsum",
  "seed": 42,
  "metric": "mean_mse",
  "metric_value": 2761.220747947693,
  "per_length": {
    "50": {
      "test_loss": 124.2180986404419,
      "test_mse": 124.2180986404419
    },
    "100": {
      "test_loss": 1177.1144638061523,
      "test_mse": 1177.1144638061523
    },
    "200": {
      "test_loss": 6982.329681396484,
      "test_mse": 6982.329681396484
    }
  },
  "lengths": [
    50,
    100,
    200
  ]
}