{
  "sweep": "lambda",
  "sweep_value": 0.1,
  "task": "cumsum",
  "seed": 789,
  "metric": "mean_mse",
  "metric_value": 2846.577198346456,
  "per_length": {
    "50": {
      "test_loss": 131.37437915802002,
      "test_mse": 131.37437915802002
    },
    "100": {
      "test_loss": 1208.3353652954102,
      "test_mse": 1208.3353652954102
    },
    "200": {
      "test_loss": 7200.0218505859375,
      "test_mse": 7200.0218505859375
    }
  },
  "lengths": [
    50,
    100,
    200
  ]
}