{
  "sweep": "lambda",
  "sweep_value": 0.1,
  "task": "cumsum",
  "seed": 123,
  "metric": "mean_mse",
  "metric_value": 3016.1317551930747,
  "per_length": {
    "50": {
      "test_loss": 164.54907417297363,
      "test_mse": 164.54907417297363
    },
    "100": {
      "test_loss": 1357.133056640625,
      "test_mse": 1357.133056640625
    },
    "200": {
      "test_loss": 7526.713134765625,
      "test_mse": 7526.713134765625
    }
  },
  "lengths": [
    50,
    100,
    200
  ]
}