{
  "sweep": "lambda",
  "sweep_value": 0.7,
  "task": "cumsum",
  "seed": 123,
  "metric": "mean_mse",
  "metric_value": 3024.99125512441,
  "per_length": {
    "50": {
      "test_loss": 165.92282390594482,
      "test_mse": 165.92282390594482
    },
    "100": {
      "test_loss": 1363.2048110961914,
      "test_mse": 1363.2048110961914
    },
    "200": {
      "test_loss": 7545.846130371094,
      "test_mse": 7545.846130371094
    }
  },
  "lengths": [
    50,
    100,
    200
  ]
}