{
  "sweep": "lambda",
  "sweep_value": 0.5,
  "task": "cumsum",
  "seed": 789,
  "metric": "mean_mse",
  "metric_value": 3053.9999726613364,
  "per_length": {
    "50": {
      "test_loss": 170.5029468536377,
      "test_mse": 170.5029468536377
    },
    "100": {
      "test_loss": 1395.712760925293,
      "test_mse": 1395.712760925293
    },
    "200": {
      "test_loss": 7595.784210205078,
      "test_mse": 7595.784210205078
    }
  },
  "lengths": [
    50,
    100,
    200
  ]
}