{
  "sweep": "lambda",
  "sweep_value": 0.5,
  "task": "cumsum",
  "seed": 42,
  "metric": "mean_mse",
  "metric_value": 3029.8047847747803,
  "per_length": {
    "50": {
      "test_loss": 163.17715644836426,
      "test_mse": 163.17715644836426
    },
    "100": {
      "test_loss": 1360.0271453857422,
      "test_mse": 1360.0271453857422
    },
    "200": {
      "test_loss": 7566.210052490234,
      "test_mse": 7566.210052490234
    }
  },
  "lengths": [
    50,
    100,
    200
  ]
}