{
  "sweep": "lambda",
  "sweep_value": 0.5,
  "task": "cumsum",
  "seed": 1024,
  "metric": "mean_mse",
  "metric_value": 2954.736626625061,
  "per_length": {
    "50": {
      "test_loss": 157.3747434616089,
      "test_mse": 157.3747434616089
    },
    "100": {
      "test_loss": 1324.586540222168,
      "test_mse": 1324.586540222168
    },
    "200": {
      "test_loss": 7382.248596191406,
      "test_mse": 7382.248596191406
    }
  },
  "lengths": [
    50,
    100,
    200
  ]
}