{
  "sweep": "lambda",
  "sweep_value": 0.3,
  "task": "cumsum",
  "seed": 2042,
  "metric": "mean_mse",
  "metric_value": 2874.6654682159424,
  "per_length": {
    "50": {
      "test_loss": 144.0410442352295,
      "test_mse": 144.0410442352295
    },
    "100": {
      "test_loss": 1259.2128982543945,
      "test_mse": 1259.2128982543945
    },
    "200": {
      "test_loss": 7220.742462158203,
      "test_mse": 7220.742462158203
    }
  },
  "lengths": [
    50,
    100,
    200
  ]
}