{
  "sweep": "lambda",
  "sweep_value": 0.3,
  "task": "cumsum",
  "seed": 1042,
  "metric": "mean_mse",
  "metric_value": 3037.9974794387817,
  "per_length": {
    "50": {
      "test_loss": 167.86491298675537,
      "test_mse": 167.86491298675537
    },
    "100": {
      "test_loss": 1386.1094589233398,
      "test_mse": 1386.1094589233398
    },
    "200": {
      "test_loss": 7560.01806640625,
      "test_mse": 7560.01806640625
    }
  },
  "lengths": [
    50,
    100,
    200
  ]
}