{
  "sweep": "lambda",
  "sweep_value": 0.3,
  "task": "cumsum",
  "seed": 456,
  "metric": "mean_mse",
  "metric_value": 2924.9358212153115,
  "per_length": {
    "50": {
      "test_loss": 149.83888912200928,
      "test_mse": 149.83888912200928
    },
    "100": {
      "test_loss": 1290.0700759887695,
      "test_mse": 1290.0700759887695
    },
    "200": {
      "test_loss": 7334.898498535156,
      "test_mse": 7334.898498535156
    }
  },
  "lengths": [
    50,
    100,
    200
  ]
}