{
  "sweep": "lambda",
  "sweep_value": 0.1,
  "task": "cumsum",
  "seed": 2042,
  "metric": "mean_mse",
  "metric_value": 2881.22222105662,
  "per_length": {
    "50": {
      "test_loss": 147.66614437103271,
      "test_mse": 147.66614437103271
    },
    "100": {
      "test_loss": 1267.9015197753906,
      "test_mse": 1267.9015197753906
    },
    "200": {
      "test_loss": 7228.0989990234375,
      "test_mse": 7228.0989990234375
    }
  },
  "lengths": [
    50,
    100,
    200
  ]
}