{
  "sweep": "lambda",
  "sweep_value": 0.3,
  "task": "cumsum",
  "seed": 789,
  "metric": "mean_mse",
  "metric_value": 3181.1077642440796,
  "per_length": {
    "50": {
      "test_loss": 196.46499347686768,
      "test_mse": 196.46499347686768
    },
    "100": {
      "test_loss": 1498.5600204467773,
      "test_mse": 1498.5600204467773
    },
    "200": {
      "test_loss": 7848.298278808594,
      "test_mse": 7848.298278808594
    }
  },
  "lengths": [
    50,
    100,
    200
  ]
}