{
  "sweep": "lambda",
  "sweep_value": 1.0,
  "task": "cumsum",
  "seed": 1024,
  "metric": "mean_mse",
  "metric_value": 2960.8328326543174,
  "per_length": {
    "50": {
      "test_loss": 158.16487216949463,
      "test_mse": 158.16487216949463
    },
    "100": {
      "test_loss": 1329.6787796020508,
      "test_mse": 1329.6787796020508
    },
    "200": {
      "test_loss": 7394.654846191406,
      "test_mse": 7394.654846191406
    }
  },
  "lengths": [
    50,
    100,
    200
  ]
}