{
  "sweep": "lambda",
  "sweep_value": 0.1,
  "task": "cumsum",
  "seed": 456,
  "metric": "mean_mse",
  "metric_value": 2909.1225929260254,
  "per_length": {
    "50": {
      "test_loss": 147.30229568481445,
      "test_mse": 147.30229568481445
    },
    "100": {
      "test_loss": 1276.6119918823242,
      "test_mse": 1276.6119918823242
    },
    "200": {
      "test_loss": 7303.4534912109375,
      "test_mse": 7303.4534912109375
    }
  },
  "lengths": [
    50,
    100,
    200
  ]
}