{
  "sweep": "lambda",
  "sweep_value": 0.7,
  "task": "cumsum",
  "seed": 456,
  "metric": "mean_mse",
  "metric_value": 2918.1880067189536,
  "per_length": {
    "50": {
      "test_loss": 148.1425952911377,
      "test_mse": 148.1425952911377
    },
    "100": {
      "test_loss": 1282.307258605957,
      "test_mse": 1282.307258605957
    },
    "200": {
      "test_loss": 7324.114166259766,
      "test_mse": 7324.114166259766
    }
  },
  "lengths": [
    50,
    100,
    200
  ]
}