{
  "sweep": "lambda",
  "sweep_value": 0.3,
  "task": "cumsum",
  "seed": 1024,
  "metric": "mean_mse",
  "metric_value": 2960.6712233225503,
  "per_length": {
    "50": {
      "test_loss": 157.1960964202881,
      "test_mse": 157.1960964202881
    },
    "100": {
      "test_loss": 1327.9694595336914,
      "test_mse": 1327.9694595336914
    },
    "200": {
      "test_loss": 7396.848114013672,
      "test_mse": 7396.848114013672
    }
  },
  "lengths": [
    50,
    100,
    200
  ]
}