{
  "sweep": "lambda",
  "sweep_value": 0.7,
  "task": "cumsum",
  "seed": 1024,
  "metric": "mean_mse",
  "metric_value": 2937.6458994547525,
  "per_length": {
    "50": {
      "test_loss": 154.3186492919922,
      "test_mse": 154.3186492919922
    },
    "100": {
      "test_loss": 1310.9618835449219,
      "test_mse": 1310.9618835449219
    },
    "200": {
      "test_loss": 7347.657165527344,
      "test_mse": 7347.657165527344
    }
  },
  "lengths": [
    50,
    100,
    200
  ]
}