{
  "sweep": "lambda",
  "sweep_value": 1.0,
  "task": "cumsum",
  "seed": 42,
  "metric": "mean_mse",
  "metric_value": 2878.3515359560647,
  "per_length": {
    "50": {
      "test_loss": 144.22977113723755,
      "test_mse": 144.22977113723755
    },
    "100": {
      "test_loss": 1266.9553298950195,
      "test_mse": 1266.9553298950195
    },
    "200": {
      "test_loss": 7223.8695068359375,
      "test_mse": 7223.8695068359375
    }
  },
  "lengths": [
    50,
    100,
    200
  ]
}