{
  "sweep": "lambda",
  "sweep_value": 0.1,
  "task": "cumsum",
  "seed": 1024,
  "metric": "mean_mse",
  "metric_value": 2948.306083679199,
  "per_length": {
    "50": {
      "test_loss": 156.12074279785156,
      "test_mse": 156.12074279785156
    },
    "100": {
      "test_loss": 1318.700798034668,
      "test_mse": 1318.700798034668
    },
    "200": {
      "test_loss": 7370.096710205078,
      "test_mse": 7370.096710205078
    }
  },
  "lengths": [
    50,
    100,
    200
  ]
}