{
  "sweep": "lambda",
  "sweep_value": 0.3,
  "task": "cumsum",
  "seed": 1024,
  "metric": "mean_mse",
  "metric_value": 3005.99058564504,
  "per_length": {
    "50": {
      "test_loss": 153.63323307037354,
      "test_mse": 153.63323307037354
    },
    "100": {
      "test_loss": 1345.7484664916992,
      "test_mse": 1345.7484664916992
    },
    "200": {
      "test_loss": 7518.590057373047,
      "test_mse": 7518.590057373047
    }
  },
  "lengths": [
    50,
    100,
    200
  ]
}