{
  "sweep": "p_dim",
  "sweep_value": 16,
  "task": "cumsum",
  "seed": 123,
  "metric": "mean_mse",
  "metric_value": 2930.461831728617,
  "per_length": {
    "50": {
      "test_loss": 152.15983295440674,
      "test_mse": 152.15983295440674
    },
    "100": {
      "test_loss": 1297.6309967041016,
      "test_mse": 1297.6309967041016
    },
    "200": {
      "test_loss": 7341.594665527344,
      "test_mse": 7341.594665527344
    }
  },
  "lengths": [
    50,
    100,
    200
  ]
}