{
  "sweep": "p_dim",
  "sweep_value": 8,
  "task": "cumsum",
  "seed": 42,
  "metric": "mean_mse",
  "metric_value": 2808.0002320607505,
  "per_length": {
    "50": {
      "test_loss": 135.14148902893066,
      "test_mse": 135.14148902893066
    },
    "100": {
      "test_loss": 1216.8470611572266,
      "test_mse": 1216.8470611572266
    },
    "200": {
      "test_loss": 7072.012145996094,
      "test_mse": 7072.012145996094
    }
  },
  "lengths": [
    50,
    100,
    200
  ]
}