{
  "sweep": "p_dim",
  "sweep_value": 4,
  "task": "cumsum",
  "seed": 1024,
  "metric": "mean_mse",
  "metric_value": 3055.8915615081787,
  "per_length": {
    "50": {
      "test_loss": 175.88440895080566,
      "test_mse": 175.88440895080566
    },
    "100": {
      "test_loss": 1402.801383972168,
      "test_mse": 1402.801383972168
    },
    "200": {
      "test_loss": 7588.9888916015625,
      "test_mse": 7588.9888916015625
    }
  },
  "lengths": [
    50,
    100,
    200
  ]
}