{
  "sweep": "p_dim",
  "sweep_value": 4,
  "task": "cumsum",
  "seed": 456,
  "metric": "mean_mse",
  "metric_value": 3085.3106479644775,
  "per_length": {
    "50": {
      "test_loss": 166.62436485290527,
      "test_mse": 166.62436485290527
    },
    "100": {
      "test_loss": 1399.9929428100586,
      "test_mse": 1399.9929428100586
    },
    "200": {
      "test_loss": 7689.314636230469,
      "test_mse": 7689.314636230469
    }
  },
  "lengths": [
    50,
    100,
    200
  ]
}