{
  "sweep": "p_dim",
  "sweep_value": 8,
  "task": "cumsum",
  "seed": 123,
  "metric": "mean_mse",
  "metric_value": 2926.347582499186,
  "per_length": {
    "50": {
      "test_loss": 146.33009338378906,
      "test_mse": 146.33009338378906
    },
    "100": {
      "test_loss": 1284.7588272094727,
      "test_mse": 1284.7588272094727
    },
    "200": {
      "test_loss": 7347.953826904297,
      "test_mse": 7347.953826904297
    }
  },
  "lengths": [
    50,
    100,
    200
  ]
}