{
  "sweep": "p_dim",
  "sweep_value": 8,
  "task": "cumsum",
  "seed": 789,
  "metric": "mean_mse",
  "metric_value": 3164.434844970703,
  "per_length": {
    "50": {
      "test_loss": 189.29600524902344,
      "test_mse": 189.29600524902344
    },
    "100": {
      "test_loss": 1480.7103424072266,
      "test_mse": 1480.7103424072266
    },
    "200": {
      "test_loss": 7823.298187255859,
      "test_mse": 7823.298187255859
    }
  },
  "lengths": [
    50,
    100,
    200
  ]
}