{
  "sweep": "p_dim",
  "sweep_value": 32,
  "task": "cumsum",
  "seed": 1024,
  "metric": "mean_mse",
  "metric_value": 2849.895717302958,
  "per_length": {
    "50": {
      "test_loss": 144.64731884002686,
      "test_mse": 144.64731884002686
    },
    "100": {
      "test_loss": 1244.3946914672852,
      "test_mse": 1244.3946914672852
    },
    "200": {
      "test_loss": 7160.6451416015625,
      "test_mse": 7160.6451416015625
    }
  },
  "lengths": [
    50,
    100,
    200
  ]
}