{
  "sweep": "p_dim",
  "sweep_value": 4,
  "task": "cumsum",
  "seed": 789,
  "metric": "mean_mse",
  "metric_value": 2966.2652444839478,
  "per_length": {
    "50": {
      "test_loss": 162.69671154022217,
      "test_mse": 162.69671154022217
    },
    "100": {
      "test_loss": 1338.4777755737305,
      "test_mse": 1338.4777755737305
    },
    "200": {
      "test_loss": 7397.621246337891,
      "test_mse": 7397.621246337891
    }
  },
  "lengths": [
    50,
    100,
    200
  ]
}