{
  "sweep": "p_dim",
  "sweep_value": 32,
  "task": "cumsum",
  "seed": 42,
  "metric": "mean_mse",
  "metric_value": 2951.214702606201,
  "per_length": {
    "50": {
      "test_loss": 158.4097557067871,
      "test_mse": 158.4097557067871
    },
    "100": {
      "test_loss": 1329.5711135864258,
      "test_mse": 1329.5711135864258
    },
    "200": {
      "test_loss": 7365.663238525391,
      "test_mse": 7365.663238525391
    }
  },
  "lengths": [
    50,
    100,
    200
  ]
}