{
  "sweep": "p_dim",
  "sweep_value": 16,
  "task": "cumsum",
  "seed": 789,
  "metric": "mean_mse",
  "metric_value": 3146.2785889307656,
  "per_length": {
    "50": {
      "test_loss": 195.93143939971924,
      "test_mse": 195.93143939971924
    },
    "100": {
      "test_loss": 1476.8350524902344,
      "test_mse": 1476.8350524902344
    },
    "200": {
      "test_loss": 7766.069274902344,
      "test_mse": 7766.069274902344
    }
  },
  "lengths": [
    50,
    100,
    200
  ]
}