{
  "sweep": "p_dim",
  "sweep_value": 32,
  "task": "cumsum",
  "seed": 456,
  "metric": "mean_mse",
  "metric_value": 2973.439919153849,
  "per_length": {
    "50": {
      "test_loss": 154.45676612854004,
      "test_mse": 154.45676612854004
    },
    "100": {
      "test_loss": 1319.1413116455078,
      "test_mse": 1319.1413116455078
    },
    "200": {
      "test_loss": 7446.7216796875,
      "test_mse": 7446.7216796875
    }
  },
  "lengths": [
    50,
    100,
    200
  ]
}