{
  "sweep": "p_dim",
  "sweep_value": 16,
  "task": "cumsum",
  "seed": 456,
  "metric": "mean_mse",
  "metric_value": 2943.8884604771933,
  "per_length": {
    "50": {
      "test_loss": 150.88696956634521,
      "test_mse": 150.88696956634521
    },
    "100": {
      "test_loss": 1300.2128295898438,
      "test_mse": 1300.2128295898438
    },
    "200": {
      "test_loss": 7380.565582275391,
      "test_mse": 7380.565582275391
    }
  },
  "lengths": [
    50,
    100,
    200
  ]
}