{
  "sweep": "p_dim",
  "sweep_value": 32,
  "task": "cumsum",
  "seed": 123,
  "metric": "mean_mse",
  "metric_value": 2895.3183924357095,
  "per_length": {
    "50": {
      "test_loss": 139.85013580322266,
      "test_mse": 139.85013580322266
    },
    "100": {
      "test_loss": 1257.6133117675781,
      "test_mse": 1257.6133117675781
    },
    "200": {
      "test_loss": 7288.491729736328,
      "test_mse": 7288.491729736328
    }
  },
  "lengths": [
    50,
    100,
    200
  ]
}