{
  "sweep": "p_dim",
  "sweep_value": 8,
  "task": "cumsum",
  "seed": 456,
  "metric": "mean_mse",
  "metric_value": 3140.660894393921,
  "per_length": {
    "50": {
      "test_loss": 177.96668434143066,
      "test_mse": 177.96668434143066
    },
    "100": {
      "test_loss": 1444.2700271606445,
      "test_mse": 1444.2700271606445
    },
    "200": {
      "test_loss": 7799.7459716796875,
      "test_mse": 7799.7459716796875
    }
  },
  "lengths": [
    50,
    100,
    200
  ]
}