{
  "sweep": "p_dim",
  "sweep_value": 16,
  "task": "cumsum",
  "seed": 42,
  "metric": "mean_mse",
  "metric_value": 3022.510665575663,
  "per_length": {
    "50": {
      "test_loss": 165.3226079940796,
      "test_mse": 165.3226079940796
    },
    "100": {
      "test_loss": 1377.726203918457,
      "test_mse": 1377.726203918457
    },
    "200": {
      "test_loss": 7524.483184814453,
      "test_mse": 7524.483184814453
    }
  },
  "lengths": [
    50,
    100,
    200
  ]
}