{
  "sweep": "p_dim",
  "sweep_value": 8,
  "task": "cumsum",
  "seed": 1024,
  "metric": "mean_mse",
  "metric_value": 3011.7088874181113,
  "per_length": {
    "50": {
      "test_loss": 159.1621389389038,
      "test_mse": 159.1621389389038
    },
    "100": {
      "test_loss": 1363.733657836914,
      "test_mse": 1363.733657836914
    },
    "200": {
      "test_loss": 7512.230865478516,
      "test_mse": 7512.230865478516
    }
  },
  "lengths": [
    50,
    100,
    200
  ]
}