{
  "sweep": "p_dim",
  "sweep_value": 16,
  "task": "cumsum",
  "seed": 1024,
  "metric": "mean_mse",
  "metric_value": 2863.7723484039307,
  "per_length": {
    "50": {
      "test_loss": 148.9595546722412,
      "test_mse": 148.9595546722412
    },
    "100": {
      "test_loss": 1262.747688293457,
      "test_mse": 1262.747688293457
    },
    "200": {
      "test_loss": 7179.609802246094,
      "test_mse": 7179.609802246094
    }
  },
  "lengths": [
    50,
    100,
    200
  ]
}