{
  "sweep": "p_dim",
  "sweep_value": 4,
  "task": "cumsum",
  "seed": 42,
  "metric": "mean_mse",
  "metric_value": 2869.2125244140625,
  "per_length": {
    "50": {
      "test_loss": 119.76044464111328,
      "test_mse": 119.76044464111328
    },
    "100": {
      "test_loss": 1257.448875427246,
      "test_mse": 1257.448875427246
    },
    "200": {
      "test_loss": 7230.428253173828,
      "test_mse": 7230.428253173828
    }
  },
  "lengths": [
    50,
    100,
    200
  ]
}