{
  "sweep": "p_dim",
  "sweep_value": 32,
  "task": "cumsum",
  "seed": 789,
  "metric": "mean_mse",
  "metric_value": 2953.613655885061,
  "per_length": {
    "50": {
      "test_loss": 150.8277611732483,
      "test_mse": 150.8277611732483
    },
    "100": {
      "test_loss": 1314.0964279174805,
      "test_mse": 1314.0964279174805
    },
    "200": {
      "test_loss": 7395.916778564453,
      "test_mse": 7395.916778564453
    }
  },
  "lengths": [
    50,
    100,
    200
  ]
}