seed,best_epoch,best_val_metric,final_val_loss
42,2,0.9695461783439491,0.10339197296067883
123,1,0.9639729299363057,0.16167411446618807
456,2,0.966062898089172,0.11416377175219689
789,2,0.9703423566878981,0.1044421109569609
1024,2,0.9632762738853503,0.12476690001429835
