{
  "type": "universal",
  "per_index": [
    0.06753735989332199,
    0.06083926558494568,
    0.06643320620059967
  ],
  "mean_drift": 0.06493661500513553,
  "std_drift": 0.003430465491339564,
  "n_batches": 50
}