{
  "type": "universal",
  "per_index": [
    0.06358156353235245,
    0.045972004532814026,
    0.03969261050224304
  ],
  "mean_drift": 0.04974872499704361,
  "std_drift": 0.0017944430131200588,
  "n_batches": 50
}