length,mean,std
50,0.513984,0.029491
100,0.513984,0.016617
200,0.496094,0.010740
