length,mean,std
50,0.490625,0.000000
100,0.512109,0.000000
200,0.517969,0.000000
