length,mean,std
50,0.532813,0.038117
100,0.527539,0.003591
200,0.489258,0.013534
