{
  "seed": 123,
  "per_length": {
    "50": {
      "test_loss": 0.691073577851057,
      "test_accuracy": 0.5597656257450581
    },
    "100": {
      "test_loss": 0.6921084746718407,
      "test_accuracy": 0.5249999985098839
    },
    "200": {
      "test_loss": 0.6934767849743366,
      "test_accuracy": 0.49882812425494194
    }
  },
  "lengths": [
    50,
    100,
    200
  ],
  "mean_accuracy": 0.527864582836628
}