{
  "seed": 1024,
  "per_length": {
    "50": {
      "test_loss": 0.6928664520382881,
      "test_accuracy": 0.5062500014901161
    },
    "100": {
      "test_loss": 0.692608967423439,
      "test_accuracy": 0.5210937485098839
    },
    "200": {
      "test_loss": 0.6936287209391594,
      "test_accuracy": 0.49179687537252903
    }
  },
  "lengths": [
    50,
    100,
    200
  ],
  "mean_accuracy": 0.5063802084575096
}