{
  "seed": 123,
  "per_length": {
    "50": {
      "test_loss": 0.14288314897567034,
      "test_accuracy": 0.9382812492549419
    },
    "100": {
      "test_loss": 0.17424629535526037,
      "test_accuracy": 0.9078124985098839
    },
    "200": {
      "test_loss": 0.19649474206380546,
      "test_accuracy": 0.9214843735098839
    }
  },
  "lengths": [
    50,
    100,
    200
  ],
  "mean_accuracy": 0.9225260404249033
}