{
  "seed": 1024,
  "per_length": {
    "50": {
      "test_loss": 0.6949429176747799,
      "test_accuracy": 0.5066406242549419
    },
    "100": {
      "test_loss": 0.693023506551981,
      "test_accuracy": 0.5265625007450581
    },
    "200": {
      "test_loss": 0.6941812485456467,
      "test_accuracy": 0.5164062492549419
    }
  },
  "lengths": [
    50,
    100,
    200
  ],
  "mean_accuracy": 0.5165364580849806
}