{
  "seed": 789,
  "per_length": {
    "50": {
      "test_loss": 0.6938010416924953,
      "test_accuracy": 0.47890624962747097
    },
    "100": {
      "test_loss": 0.6939804255962372,
      "test_accuracy": 0.490234375
    },
    "200": {
      "test_loss": 0.6930948831140995,
      "test_accuracy": 0.5066406242549419
    }
  },
  "lengths": [
    50,
    100,
    200
  ],
  "mean_accuracy": 0.4919270829608043
}