{
  "seed": 42,
  "per_length": {
    "50": {
      "test_loss": 0.6930572502315044,
      "test_accuracy": 0.505859375
    },
    "100": {
      "test_loss": 0.6920575015246868,
      "test_accuracy": 0.5300781242549419
    },
    "200": {
      "test_loss": 0.6946619041264057,
      "test_accuracy": 0.47968750074505806
    }
  },
  "lengths": [
    50,
    100,
    200
  ],
  "mean_accuracy": 0.5052083333333334
}