{
  "seed": 42,
  "per_length": {
    "50": {
      "test_loss": 0.6934805326163769,
      "test_accuracy": 0.49062499962747097
    },
    "100": {
      "test_loss": 0.6928995326161385,
      "test_accuracy": 0.5121093764901161
    },
    "200": {
      "test_loss": 0.6928942166268826,
      "test_accuracy": 0.5179687514901161
    }
  },
  "lengths": [
    50,
    100,
    200
  ],
  "mean_accuracy": 0.5069010425359011
}