{
  "seed": 456,
  "per_length": {
    "50": {
      "test_loss": 0.6940423883497715,
      "test_accuracy": 0.48281249962747097
    },
    "100": {
      "test_loss": 0.6978939883410931,
      "test_accuracy": 0.48398437537252903
    },
    "200": {
      "test_loss": 0.6947113797068596,
      "test_accuracy": 0.5140625014901161
    }
  },
  "lengths": [
    50,
    100,
    200
  ],
  "mean_accuracy": 0.49361979216337204
}