{
  "seed": 789,
  "per_length": {
    "50": {
      "test_loss": 0.6946990080177784,
      "test_accuracy": 0.47343749925494194
    },
    "100": {
      "test_loss": 0.6932640671730042,
      "test_accuracy": 0.49335937574505806
    },
    "200": {
      "test_loss": 0.6946273632347584,
      "test_accuracy": 0.5031250007450581
    }
  },
  "lengths": [
    50,
    100,
    200
  ],
  "mean_accuracy": 0.489973958581686
}