seed,best_epoch,best_val_metric,final_val_loss
42,1,0.4609375,0.6949597410857677
123,2,0.4990234375,0.6934736259281635
456,1,0.484375,0.6942164283245802
789,1,0.5087890625,0.6934296954423189
1024,2,0.505859375,0.6930384282022715
42,1,0.4609375,0.6949597410857677
123,2,0.4990234375,0.6934736259281635
456,1,0.484375,0.6942164283245802
789,1,0.5087890625,0.6934296954423189
1024,2,0.505859375,0.6930384282022715
42,1,0.4609375,0.6947214864194393
123,2,0.4990234375,0.6934736259281635
