{
  "task": "parity",
  "model": "gru",
  "seeds": [
    42,
    123
  ],
  "test_lengths": [
    50,
    100,
    200
  ],
  "accuracy_vs_length": {
    "50": {
      "mean": 0.532812500372529,
      "std": 0.03811747545017293
    },
    "100": {
      "mean": 0.5275390613824129,
      "std": 0.003590777150048543
    },
    "200": {
      "mean": 0.4892578125,
      "std": 0.013534464679977548
    }
  }
}