{
  "task": "parity",
  "model": "gru",
  "seeds": [
    42,
    123,
    456,
    789,
    1024
  ],
  "test_lengths": [
    50,
    100,
    200
  ],
  "accuracy_vs_length": {
    "50": {
      "mean": 0.5139843754470348,
      "std": 0.029490764977901738
    },
    "100": {
      "mean": 0.5139843739569188,
      "std": 0.016617409363806474
    },
    "200": {
      "mean": 0.49609375,
      "std": 0.010740411297297768
    }
  }
}