length,mean,std
50,0.989258,0.012430
100,0.480469,0.038670
200,0.491992,0.011877
