length,mean,std
50,1.000000,0.000000
100,1.000000,0.000000
200,1.000000,0.000000
