length,mean,std
50,0.985156,0.005277
100,0.476016,0.024361
200,0.473047,0.011045
