{
  "seed": 789,
  "per_length": {
    "50": {
      "test_loss": 0.0001813594590203138,
      "test_accuracy": 1.0
    },
    "100": {
      "test_loss": 0.00018134875608666334,
      "test_accuracy": 1.0
    },
    "200": {
      "test_loss": 0.0001813212375054718,
      "test_accuracy": 1.0
    }
  },
  "lengths": [
    50,
    100,
    200
  ],
  "mean_accuracy": 1.0
}