{
  "seed": 456,
  "per_length": {
    "50": {
      "test_loss": 0.055902927240822464,
      "test_accuracy": 0.990234375
    },
    "100": {
      "test_loss": 3.3579959720373154,
      "test_accuracy": 0.505859375
    },
    "200": {
      "test_loss": 4.067211329936981,
      "test_accuracy": 0.482421875
    }
  },
  "lengths": [
    50,
    100,
    200
  ],
  "mean_accuracy": 0.6595052083333334
}