{
  "seed": 42,
  "per_length": {
    "50": {
      "test_loss": 0.00032065394407254644,
      "test_accuracy": 1.0
    },
    "100": {
      "test_loss": 0.00032065640698419884,
      "test_accuracy": 1.0
    },
    "200": {
      "test_loss": 0.0003206451438018121,
      "test_accuracy": 1.0
    }
  },
  "lengths": [
    50,
    100,
    200
  ],
  "mean_accuracy": 1.0
}