{
  "seed": 42,
  "per_length": {
    "50": {
      "test_loss": 0.11669433349743485,
      "test_accuracy": 0.998046875
    },
    "100": {
      "test_loss": 4.046127602458,
      "test_accuracy": 0.5078125
    },
    "200": {
      "test_loss": 4.245204791426659,
      "test_accuracy": 0.5003906264901161
    }
  },
  "lengths": [
    50,
    100,
    200
  ],
  "mean_accuracy": 0.6687500004967054
}