{
  "seed": 123,
  "per_length": {
    "50": {
      "test_loss": 0.08805487619247288,
      "test_accuracy": 0.98046875
    },
    "100": {
      "test_loss": 0.468455296009779,
      "test_accuracy": 0.453125
    },
    "200": {
      "test_loss": 3.8871918469667435,
      "test_accuracy": 0.48359375074505806
    }
  },
  "lengths": [
    50,
    100,
    200
  ],
  "mean_accuracy": 0.6390625002483526
}