{
  "seed": 456,
  "per_length": {
    "50": {
      "test_loss": 0.0002687098276510369,
      "test_accuracy": 1.0
    },
    "100": {
      "test_loss": 0.0002687143842194928,
      "test_accuracy": 1.0
    },
    "200": {
      "test_loss": 0.0002686982788873138,
      "test_accuracy": 1.0
    }
  },
  "lengths": [
    50,
    100,
    200
  ],
  "mean_accuracy": 1.0
}