{
  "seed": 789,
  "per_length": {
    "50": {
      "test_loss": 0.054677099687978625,
      "test_accuracy": 0.98828125
    },
    "100": {
      "test_loss": 3.6259841918945312,
      "test_accuracy": 0.45273437537252903
    },
    "200": {
      "test_loss": 4.361706390976906,
      "test_accuracy": 0.47578125074505806
    }
  },
  "lengths": [
    50,
    100,
    200
  ],
  "mean_accuracy": 0.6389322920391957
}