{
  "seed": 42,
  "per_length": {
    "50": {
      "test_loss": 0.046419310790952295,
      "test_accuracy": 0.98828125
    },
    "100": {
      "test_loss": 2.8347437754273415,
      "test_accuracy": 0.47226562537252903
    },
    "200": {
      "test_loss": 4.308693662285805,
      "test_accuracy": 0.4652343764901161
    }
  },
  "lengths": [
    50,
    100,
    200
  ],
  "mean_accuracy": 0.641927083954215
}