{
  "seed": 1024,
  "per_length": {
    "50": {
      "test_loss": 0.10395998216699809,
      "test_accuracy": 0.978515625
    },
    "100": {
      "test_loss": 4.051142334938049,
      "test_accuracy": 0.49609375
    },
    "200": {
      "test_loss": 4.358096212148666,
      "test_accuracy": 0.45820312574505806
    }
  },
  "lengths": [
    50,
    100,
    200
  ],
  "mean_accuracy": 0.644270833581686
}