{
  "task": "dyck1",
  "model": "ion",
  "seeds": [
    42,
    123
  ],
  "test_lengths": [
    50,
    100,
    200
  ],
  "accuracy_vs_length": {
    "50": {
      "mean": 0.9892578125,
      "std": 0.01242961138804478
    },
    "100": {
      "mean": 0.48046875,
      "std": 0.03866990209613932
    },
    "200": {
      "mean": 0.4919921886175871,
      "std": 0.011877184742078398
    }
  }
}