{
  "task": "dyck1",
  "model": "ion",
  "seeds": [
    42,
    123,
    456,
    789,
    1024
  ],
  "test_lengths": [
    50,
    100,
    200
  ],
  "accuracy_vs_length": {
    "50": {
      "mean": 0.98515625,
      "std": 0.005277053158635272
    },
    "100": {
      "mean": 0.47601562514901163,
      "std": 0.024361036061154088
    },
    "200": {
      "mean": 0.47304687574505805,
      "std": 0.011045089956711312
    }
  }
}