seed,best_epoch,best_val_metric,final_val_loss
42,2,0.36607142857142855,1.6753796622866677
