seed,best_epoch,best_val_metric,final_val_loss
42,1,0.17857142857142858,2.269360269818987
123,2,0.17410714285714285,2.2681046554020474
