{
  "task": "listops",
  "model": "transformer",
  "seeds": [
    42
  ],
  "test_accuracy_mean": 0.36607142857142855,
  "test_accuracy_std": 0.0,
  "test_accuracies": [
    0.36607142857142855
  ]
}