seed,best_epoch,best_val_metric,final_val_loss
42,2,0.9637738853503185,0.12710940513380203
123,1,0.9629777070063694,0.12914642443655022
