length,mean,std
50,319.803402,0.000000
100,1826.619156,0.000000
200,8509.477844,0.000000
