length,mean,std
50,311.481670,1.431102
100,1833.508968,18.992193
200,8615.163101,21.087720
