length,mean,std
50,314.277490,3.772691
100,1815.516077,23.911944
200,8616.904498,18.071874
