{
  "seed": 42,
  "per_length": {
    "50": {
      "test_loss": 319.8034019470215,
      "test_mse": 319.8034019470215
    },
    "100": {
      "test_loss": 1826.619155883789,
      "test_mse": 1826.619155883789
    },
    "200": {
      "test_loss": 8509.477844238281,
      "test_mse": 8509.477844238281
    }
  },
  "lengths": [
    50,
    100,
    200
  ],
  "mean_mse": 3551.9668006896973
}