{
  "seed": 456,
  "per_length": {
    "50": {
      "test_loss": 317.49764823913574,
      "test_mse": 317.49764823913574
    },
    "100": {
      "test_loss": 1794.4313125610352,
      "test_mse": 1794.4313125610352
    },
    "200": {
      "test_loss": 8595.276275634766,
      "test_mse": 8595.276275634766
    }
  },
  "lengths": [
    50,
    100,
    200
  ],
  "mean_mse": 3569.068412144979
}