{
  "seed": 1024,
  "per_length": {
    "50": {
      "test_loss": 160.57857990264893,
      "test_mse": 160.57857990264893
    },
    "100": {
      "test_loss": 1352.9796829223633,
      "test_mse": 1352.9796829223633
    },
    "200": {
      "test_loss": 7486.669464111328,
      "test_mse": 7486.669464111328
    }
  },
  "lengths": [
    50,
    100,
    200
  ],
  "mean_mse": 3000.0759089787803
}