{
  "seed": 42,
  "per_length": {
    "50": {
      "test_loss": 310.46972846984863,
      "test_mse": 310.46972846984863
    },
    "100": {
      "test_loss": 1820.079460144043,
      "test_mse": 1820.079460144043
    },
    "200": {
      "test_loss": 8630.07437133789,
      "test_mse": 8630.07437133789
    }
  },
  "lengths": [
    50,
    100,
    200
  ],
  "mean_mse": 3586.8745199839273
}