{
  "seed": 789,
  "per_length": {
    "50": {
      "test_loss": 167.94702816009521,
      "test_mse": 167.94702816009521
    },
    "100": {
      "test_loss": 1384.578514099121,
      "test_mse": 1384.578514099121
    },
    "200": {
      "test_loss": 7574.670104980469,
      "test_mse": 7574.670104980469
    }
  },
  "lengths": [
    50,
    100,
    200
  ],
  "mean_mse": 3042.398549079895
}