{
  "seed": 456,
  "per_length": {
    "50": {
      "test_loss": 162.12356758117676,
      "test_mse": 162.12356758117676
    },
    "100": {
      "test_loss": 1363.780029296875,
      "test_mse": 1363.780029296875
    },
    "200": {
      "test_loss": 7569.235656738281,
      "test_mse": 7569.235656738281
    }
  },
  "lengths": [
    50,
    100,
    200
  ],
  "mean_mse": 3031.713084538778
}