{
  "seed": 789,
  "per_length": {
    "50": {
      "test_loss": 313.8784866333008,
      "test_mse": 313.8784866333008
    },
    "100": {
      "test_loss": 1789.8848419189453,
      "test_mse": 1789.8848419189453
    },
    "200": {
      "test_loss": 8631.765869140625,
      "test_mse": 8631.765869140625
    }
  },
  "lengths": [
    50,
    100,
    200
  ],
  "mean_mse": 3578.5097325642905
}