{
  "seed": 123,
  "per_length": {
    "50": {
      "test_loss": 154.68920230865479,
      "test_mse": 154.68920230865479
    },
    "100": {
      "test_loss": 1319.0470352172852,
      "test_mse": 1319.0470352172852
    },
    "200": {
      "test_loss": 7440.68115234375,
      "test_mse": 7440.68115234375
    }
  },
  "lengths": [
    50,
    100,
    200
  ],
  "mean_mse": 2971.4724632898965
}