{
  "seed": 42,
  "per_length": {
    "50": {
      "test_loss": 309.1391124725342,
      "test_mse": 309.1391124725342
    },
    "100": {
      "test_loss": 1816.787826538086,
      "test_mse": 1816.787826538086
    },
    "200": {
      "test_loss": 8622.861785888672,
      "test_mse": 8622.861785888672
    }
  },
  "lengths": [
    50,
    100,
    200
  ],
  "mean_mse": 3582.9295749664307
}