{
  "seed": 123,
  "per_length": {
    "50": {
      "test_loss": 312.4936122894287,
      "test_mse": 312.4936122894287
    },
    "100": {
      "test_loss": 1846.9384765625,
      "test_mse": 1846.9384765625
    },
    "200": {
      "test_loss": 8600.251831054688,
      "test_mse": 8600.251831054688
    }
  },
  "lengths": [
    50,
    100,
    200
  ],
  "mean_mse": 3586.5613066355386
}