{
  "seed": 1024,
  "per_length": {
    "50": {
      "test_loss": 318.3785915374756,
      "test_mse": 318.3785915374756
    },
    "100": {
      "test_loss": 1829.5379257202148,
      "test_mse": 1829.5379257202148
    },
    "200": {
      "test_loss": 8634.366729736328,
      "test_mse": 8634.366729736328
    }
  },
  "lengths": [
    50,
    100,
    200
  ],
  "mean_mse": 3594.094415664673
}