{
  "task": "cumsum",
  "model": "gru",
  "seeds": [
    42,
    123,
    456,
    789,
    1024
  ],
  "test_lengths": [
    50,
    100,
    200
  ],
  "accuracy_vs_length": {
    "50": {
      "mean": 314.277490234375,
      "std": 3.7726913435051337
    },
    "100": {
      "mean": 1815.5160766601562,
      "std": 23.911944117493547
    },
    "200": {
      "mean": 8616.904498291016,
      "std": 18.071873778420645
    }
  }
}