{
  "task": "cumsum",
  "model": "gru",
  "seeds": [
    42
  ],
  "test_lengths": [
    50,
    100,
    200
  ],
  "accuracy_vs_length": {
    "50": {
      "mean": 319.8034019470215,
      "std": 0.0
    },
    "100": {
      "mean": 1826.619155883789,
      "std": 0.0
    },
    "200": {
      "mean": 8509.477844238281,
      "std": 0.0
    }
  }
}