{
  "task": "cumsum",
  "model": "gru",
  "seeds": [
    42,
    123
  ],
  "test_lengths": [
    50,
    100,
    200
  ],
  "accuracy_vs_length": {
    "50": {
      "mean": 311.4816703796387,
      "std": 1.4311019731588044
    },
    "100": {
      "mean": 1833.5089683532715,
      "std": 18.992192645491784
    },
    "200": {
      "mean": 8615.163101196289,
      "std": 21.08772046646191
    }
  }
}