seed,best_epoch,best_val_metric,final_val_loss
42,49,0.006259884130031423,0.11509787189424969
123,48,0.03114392058341764,0.040020766464294866
