length,mean,std
50,0.615313,0.341735
100,0.379766,0.165544
200,0.486016,0.194540
