length,mean,std
50,0.649805,0.409625
100,0.368750,0.100542
200,0.368555,0.109104
