{
  "seed": 1024,
  "per_length": {
    "50": {
      "test_loss": 0.05864542885683477,
      "test_accuracy": 0.986328125
    },
    "100": {
      "test_loss": 3.332105115056038,
      "test_accuracy": 0.5078125
    },
    "200": {
      "test_loss": 3.588759534060955,
      "test_accuracy": 0.47109374962747097
    }
  },
  "lengths": [
    50,
    100,
    200
  ],
  "mean_accuracy": 0.6550781248758236
}