{
  "seed": 456,
  "per_length": {
    "50": {
      "test_loss": 0.9716893136501312,
      "test_accuracy": 0.716796875
    },
    "100": {
      "test_loss": 1.4840705022215843,
      "test_accuracy": 0.59375
    },
    "200": {
      "test_loss": 1.473932184278965,
      "test_accuracy": 0.6039062514901161
    }
  },
  "lengths": [
    50,
    100,
    200
  ],
  "mean_accuracy": 0.638151042163372
}