{
  "seed": 42,
  "per_length": {
    "50": {
      "test_loss": 0.21689292741939425,
      "test_accuracy": 0.939453125
    },
    "100": {
      "test_loss": 3.6997432559728622,
      "test_accuracy": 0.43984374962747097
    },
    "200": {
      "test_loss": 3.6645368486642838,
      "test_accuracy": 0.4457031264901161
    }
  },
  "lengths": [
    50,
    100,
    200
  ],
  "mean_accuracy": 0.6083333337058624
}