{
  "seed": 123,
  "per_length": {
    "50": {
      "test_loss": 1.182317215949297,
      "test_accuracy": 0.36015624925494194
    },
    "100": {
      "test_loss": 4.190752983093262,
      "test_accuracy": 0.29765624925494194
    },
    "200": {
      "test_loss": 4.083459213376045,
      "test_accuracy": 0.29140625009313226
    }
  },
  "lengths": [
    50,
    100,
    200
  ],
  "mean_accuracy": 0.3164062495343387
}