{
  "seed": 789,
  "per_length": {
    "50": {
      "test_loss": 0.5457825753837824,
      "test_accuracy": 0.8460937514901161
    },
    "100": {
      "test_loss": 4.127490878105164,
      "test_accuracy": 0.30859375
    },
    "200": {
      "test_loss": 4.07709276676178,
      "test_accuracy": 0.31367187574505806
    }
  },
  "lengths": [
    50,
    100,
    200
  ],
  "mean_accuracy": 0.48945312574505806
}