{
  "seed": 456,
  "per_length": {
    "50": {
      "test_loss": 0.00015226103460008744,
      "test_accuracy": 1.0
    },
    "100": {
      "test_loss": 0.0001522652264611679,
      "test_accuracy": 1.0
    },
    "200": {
      "test_loss": 0.00015225074457703158,
      "test_accuracy": 1.0
    }
  },
  "lengths": [
    50,
    100,
    200
  ],
  "mean_accuracy": 1.0
}