{
  "seed": 123,
  "per_length": {
    "50": {
      "test_loss": 0.00017538000520289643,
      "test_accuracy": 1.0
    },
    "100": {
      "test_loss": 0.000175381729604851,
      "test_accuracy": 1.0
    },
    "200": {
      "test_loss": 0.0001753836822899757,
      "test_accuracy": 1.0
    }
  },
  "lengths": [
    50,
    100,
    200
  ],
  "mean_accuracy": 1.0
}