{
  "seed": 42,
  "per_length": {
    "50": {
      "test_loss": 5.235249191522598,
      "test_accuracy": 0.16718750004656613
    },
    "100": {
      "test_loss": 5.2303004413843155,
      "test_accuracy": 0.19101562537252903
    },
    "200": {
      "test_loss": 0.9815285746008158,
      "test_accuracy": 0.75
    }
  },
  "lengths": [
    50,
    100,
    200
  ],
  "mean_accuracy": 0.36940104180636507
}