{
  "task": "dyck1",
  "model": "lstm",
  "seeds": [
    42,
    123
  ],
  "test_lengths": [
    50,
    100,
    200
  ],
  "accuracy_vs_length": {
    "50": {
      "mean": 0.649804687127471,
      "std": 0.40962474915951136
    },
    "100": {
      "mean": 0.36874999944120646,
      "std": 0.10054174571338002
    },
    "200": {
      "mean": 0.3685546882916242,
      "std": 0.10910436761620984
    }
  }
}