{
  "task": "dyck1",
  "model": "lstm",
  "seeds": [
    42,
    123,
    456,
    789,
    1024
  ],
  "test_lengths": [
    50,
    100,
    200
  ],
  "accuracy_vs_length": {
    "50": {
      "mean": 0.6153125001583248,
      "std": 0.3417354189574756
    },
    "100": {
      "mean": 0.3797656249254942,
      "std": 0.1655439991943496
    },
    "200": {
      "mean": 0.4860156253911555,
      "std": 0.19454034872739
    }
  }
}