seed,best_epoch,best_val_metric,final_val_loss
42,1,0.15625,2.249969584601266
123,2,0.18303571428571427,2.2429148129054477
