seed,best_epoch,best_val_metric,final_val_loss
42,2,0.35912698412698413,1.7210404816127958
