{
  "task": "listops",
  "model": "ion",
  "seeds": [
    42
  ],
  "test_accuracy_mean": 0.35912698412698413,
  "test_accuracy_std": 0.0,
  "test_accuracies": [
    0.35912698412698413
  ]
}