length,mean,std
50,0.964844,0.038670
100,0.695117,0.270413
200,0.450781,0.072920
