length,mean,std
50,0.971797,0.024126
100,0.667812,0.243097
200,0.455156,0.041568
