{
  "seed": 1024,
  "per_length": {
    "50": {
      "test_loss": 0.21665018470957875,
      "test_accuracy": 0.9578124992549419
    },
    "100": {
      "test_loss": 3.873841404914856,
      "test_accuracy": 0.47148437425494194
    },
    "200": {
      "test_loss": 4.370981931686401,
      "test_accuracy": 0.43398437462747097
    }
  },
  "lengths": [
    50,
    100,
    200
  ],
  "mean_accuracy": 0.6210937493791183
}