{
  "seed": 123,
  "per_length": {
    "50": {
      "test_loss": 0.24711440852843225,
      "test_accuracy": 0.9375
    },
    "100": {
      "test_loss": 0.483757016249001,
      "test_accuracy": 0.8863281235098839
    },
    "200": {
      "test_loss": 4.253396138548851,
      "test_accuracy": 0.3992187501862645
    }
  },
  "lengths": [
    50,
    100,
    200
  ],
  "mean_accuracy": 0.7410156245653828
}