{
  "seed": 789,
  "per_length": {
    "50": {
      "test_loss": 0.09636079159099609,
      "test_accuracy": 0.9792968742549419
    },
    "100": {
      "test_loss": 0.10606273729354143,
      "test_accuracy": 0.9765625
    },
    "200": {
      "test_loss": 3.78886316716671,
      "test_accuracy": 0.45195312425494194
    }
  },
  "lengths": [
    50,
    100,
    200
  ],
  "mean_accuracy": 0.8026041661699613
}