{
  "seed": 1024,
  "per_length": {
    "50": {
      "test_loss": 0.00025637278849899303,
      "test_accuracy": 1.0
    },
    "100": {
      "test_loss": 0.0002563831258157734,
      "test_accuracy": 1.0
    },
    "200": {
      "test_loss": 0.00025642470245657023,
      "test_accuracy": 1.0
    }
  },
  "lengths": [
    50,
    100,
    200
  ],
  "mean_accuracy": 1.0
}