{
  "seed": 123,
  "per_length": {
    "50": {
      "test_loss": 0.0001779622862159158,
      "test_accuracy": 1.0
    },
    "100": {
      "test_loss": 0.00017797709097067127,
      "test_accuracy": 1.0
    },
    "200": {
      "test_loss": 0.0001779834201443009,
      "test_accuracy": 1.0
    }
  },
  "lengths": [
    50,
    100,
    200
  ],
  "mean_accuracy": 1.0
}