{
  "seed": 42,
  "per_length": {
    "50": {
      "test_loss": 0.00021470690899150213,
      "test_accuracy": 1.0
    },
    "100": {
      "test_loss": 0.00021475694666150957,
      "test_accuracy": 1.0
    },
    "200": {
      "test_loss": 0.00021480234590853797,
      "test_accuracy": 1.0
    }
  },
  "lengths": [
    50,
    100,
    200
  ],
  "mean_accuracy": 1.0
}