{
  "seed": 42,
  "per_length": {
    "50": {
      "test_loss": 0.0533211687579751,
      "test_accuracy": 0.9921875
    },
    "100": {
      "test_loss": 4.179904878139496,
      "test_accuracy": 0.50390625
    },
    "200": {
      "test_loss": 4.227502837777138,
      "test_accuracy": 0.5023437514901161
    }
  },
  "lengths": [
    50,
    100,
    200
  ],
  "mean_accuracy": 0.6661458338300387
}