{
  "seed": 789,
  "per_length": {
    "50": {
      "test_loss": 0.00015648655153199797,
      "test_accuracy": 1.0
    },
    "100": {
      "test_loss": 0.00015647928921680432,
      "test_accuracy": 1.0
    },
    "200": {
      "test_loss": 0.00015647472446289612,
      "test_accuracy": 1.0
    }
  },
  "lengths": [
    50,
    100,
    200
  ],
  "mean_accuracy": 1.0
}