{
  "seed": 456,
  "per_length": {
    "50": {
      "test_loss": 0.06200354779139161,
      "test_accuracy": 0.986328125
    },
    "100": {
      "test_loss": 4.114175885915756,
      "test_accuracy": 0.5007812492549419
    },
    "200": {
      "test_loss": 4.276138335466385,
      "test_accuracy": 0.48828125
    }
  },
  "lengths": [
    50,
    100,
    200
  ],
  "mean_accuracy": 0.658463541418314
}