{
  "seed": 456,
  "per_length": {
    "50": {
      "test_loss": 0.00016251874149020296,
      "test_accuracy": 1.0
    },
    "100": {
      "test_loss": 0.00016251436045422452,
      "test_accuracy": 1.0
    },
    "200": {
      "test_loss": 0.00016250156386377057,
      "test_accuracy": 1.0
    }
  },
  "lengths": [
    50,
    100,
    200
  ],
  "mean_accuracy": 1.0
}