{
  "seed": 42,
  "per_length": {
    "50": {
      "test_loss": 0.1734633594751358,
      "test_accuracy": 0.998046875
    },
    "100": {
      "test_loss": 4.431411892175674,
      "test_accuracy": 0.50390625
    },
    "200": {
      "test_loss": 4.474746227264404,
      "test_accuracy": 0.5023437514901161
    }
  },
  "lengths": [
    50,
    100,
    200
  ],
  "mean_accuracy": 0.6680989588300387
}