{
  "task": "dyck1",
  "model": "gru",
  "seeds": [
    42,
    123,
    456,
    789,
    1024
  ],
  "test_lengths": [
    50,
    100,
    200
  ],
  "accuracy_vs_length": {
    "50": {
      "mean": 0.9717968747019767,
      "std": 0.024126272583696092
    },
    "100": {
      "mean": 0.6678124994039536,
      "std": 0.24309723913025091
    },
    "200": {
      "mean": 0.4551562501117587,
      "std": 0.041567529781729645
    }
  }
}