{
  "task": "dyck1",
  "model": "gru",
  "seeds": [
    42,
    123
  ],
  "test_lengths": [
    50,
    100,
    200
  ],
  "accuracy_vs_length": {
    "50": {
      "mean": 0.96484375,
      "std": 0.03866990209613932
    },
    "100": {
      "mean": 0.6951171867549419,
      "std": 0.27041310003290303
    },
    "200": {
      "mean": 0.4507812508381903,
      "std": 0.07292038773182502
    }
  }
}