{
  "variant": "random_P",
  "seed": 42,
  "metric_value": 3551.1628818511963,
  "per_length": {
    "50": {
      "test_loss": 319.5254497528076,
      "test_mse": 319.5254497528076
    },
    "100": {
      "test_loss": 1825.945556640625,
      "test_mse": 1825.945556640625
    },
    "200": {
      "test_loss": 8508.017639160156,
      "test_mse": 8508.017639160156
    }
  }
}