{
  "variant": "random_P",
  "seed": 1024,
  "metric_value": 2910.1515086491904,
  "per_length": {
    "50": {
      "test_loss": 146.34518146514893,
      "test_mse": 146.34518146514893
    },
    "100": {
      "test_loss": 1286.2319641113281,
      "test_mse": 1286.2319641113281
    },
    "200": {
      "test_loss": 7297.877380371094,
      "test_mse": 7297.877380371094
    }
  }
}