{
  "variant": "random_P",
  "seed": 456,
  "metric_value": 3043.53324063619,
  "per_length": {
    "50": {
      "test_loss": 162.21789360046387,
      "test_mse": 162.21789360046387
    },
    "100": {
      "test_loss": 1370.2111129760742,
      "test_mse": 1370.2111129760742
    },
    "200": {
      "test_loss": 7598.170715332031,
      "test_mse": 7598.170715332031
    }
  }
}