seed,best_epoch,best_val_metric,final_val_loss
42,2,6.474984601140022,6.474984601140022
123,2,5.999613359570503,5.999613359570503
