seed,best_epoch,best_val_metric,final_val_loss
42,1,0.1875,2.269745111465454
123,2,0.19196428571428573,2.2574332782200406
