{
  "task": "listops",
  "model": "transformer_alibi",
  "seeds": [
    42,
    123
  ],
  "test_accuracy_mean": 0.14955357142857142,
  "test_accuracy_std": 0.009470180105176982,
  "test_accuracies": [
    0.15625,
    0.14285714285714285
  ]
}