length,mean,std
50,0.515000,0.028362
100,0.513906,0.013648
200,0.486875,0.013260
