{
  "seed": 789,
  "per_length": {
    "50": {
      "test_loss": 0.694933008402586,
      "test_accuracy": 0.47578125074505806
    },
    "100": {
      "test_loss": 0.6924633532762527,
      "test_accuracy": 0.5417968742549419
    },
    "200": {
      "test_loss": 0.6950541473925114,
      "test_accuracy": 0.46953124925494194
    }
  },
  "lengths": [
    50,
    100,
    200
  ],
  "mean_accuracy": 0.4957031247516473
}