{
  "seed": 789,
  "per_length": {
    "50": {
      "test_loss": 0.6942565105855465,
      "test_accuracy": 0.482421875
    },
    "100": {
      "test_loss": 0.693768810480833,
      "test_accuracy": 0.498046875
    },
    "200": {
      "test_loss": 0.694196742027998,
      "test_accuracy": 0.47734374925494194
    }
  },
  "lengths": [
    50,
    100,
    200
  ],
  "mean_accuracy": 0.4859374997516473
}