{
  "seed": 42,
  "per_length": {
    "50": {
      "test_loss": 0.693042203783989,
      "test_accuracy": 0.505859375
    },
    "100": {
      "test_loss": 0.6925049126148224,
      "test_accuracy": 0.5300781242549419
    },
    "200": {
      "test_loss": 0.6936507076025009,
      "test_accuracy": 0.47968750074505806
    }
  },
  "lengths": [
    50,
    100,
    200
  ],
  "mean_accuracy": 0.5052083333333334
}