{
  "seed": 123,
  "per_length": {
    "50": {
      "test_loss": 0.6931166648864746,
      "test_accuracy": 0.528906250372529
    },
    "100": {
      "test_loss": 0.6931139305233955,
      "test_accuracy": 0.5023437514901161
    },
    "200": {
      "test_loss": 0.6932827830314636,
      "test_accuracy": 0.4730468764901161
    }
  },
  "lengths": [
    50,
    100,
    200
  ],
  "mean_accuracy": 0.5014322927842537
}