{
  "seed": 456,
  "per_length": {
    "50": {
      "test_loss": 0.6938030309975147,
      "test_accuracy": 0.48671874962747097
    },
    "100": {
      "test_loss": 0.6959709227085114,
      "test_accuracy": 0.48906249925494194
    },
    "200": {
      "test_loss": 0.6946085318922997,
      "test_accuracy": 0.46796875074505806
    }
  },
  "lengths": [
    50,
    100,
    200
  ],
  "mean_accuracy": 0.4812499998758237
}