{
  "seed": 1024,
  "per_length": {
    "50": {
      "test_loss": 0.6929373741149902,
      "test_accuracy": 0.5078125
    },
    "100": {
      "test_loss": 0.6927162185311317,
      "test_accuracy": 0.5128906257450581
    },
    "200": {
      "test_loss": 0.6939896047115326,
      "test_accuracy": 0.47499999962747097
    }
  },
  "lengths": [
    50,
    100,
    200
  ],
  "mean_accuracy": 0.4985677084575097
}