{
  "seed": 42,
  "per_length": {
    "50": {
      "test_loss": 0.6930344514548779,
      "test_accuracy": 0.505859375
    },
    "100": {
      "test_loss": 0.6924943290650845,
      "test_accuracy": 0.5300781242549419
    },
    "200": {
      "test_loss": 0.6936836689710617,
      "test_accuracy": 0.47968750074505806
    }
  },
  "lengths": [
    50,
    100,
    200
  ],
  "mean_accuracy": 0.5052083333333334
}