{
  "seed": 1024,
  "per_length": {
    "50": {
      "test_loss": 0.6947602927684784,
      "test_accuracy": 0.49921875074505806
    },
    "100": {
      "test_loss": 0.6932560727000237,
      "test_accuracy": 0.5031250007450581
    },
    "200": {
      "test_loss": 0.6937895864248276,
      "test_accuracy": 0.49335937574505806
    }
  },
  "lengths": [
    50,
    100,
    200
  ],
  "mean_accuracy": 0.4985677090783914
}