seed,best_epoch,best_val_metric,final_val_loss
42,1,0.4609375,0.6951716132462025
123,1,0.4990234375,0.6932626515626907
456,1,0.484375,0.6940506882965565
789,1,0.513671875,0.6934085953980684
1024,2,0.5107421875,0.6929649654775858
