{
  "task": "parity",
  "model": "lstm",
  "seeds": [
    42,
    123,
    456,
    789,
    1024
  ],
  "test_lengths": [
    50,
    100,
    200
  ],
  "accuracy_vs_length": {
    "50": {
      "mean": 0.5150000002235174,
      "std": 0.028362173034600528
    },
    "100": {
      "mean": 0.5139062494039536,
      "std": 0.013648417122446445
    },
    "200": {
      "mean": 0.48687499985098837,
      "std": 0.013259978435082987
    }
  }
}