{
  "task": "parity",
  "model": "lstm",
  "seeds": [
    42
  ],
  "test_lengths": [
    50,
    100,
    200
  ],
  "accuracy_vs_length": {
    "50": {
      "mean": 0.49062499962747097,
      "std": 0.0
    },
    "100": {
      "mean": 0.5121093764901161,
      "std": 0.0
    },
    "200": {
      "mean": 0.5179687514901161,
      "std": 0.0
    }
  }
}