seed,best_epoch,best_val_metric,final_val_loss
42,1,0.5178571428571429,0.6930219105311802
