seed,best_epoch,best_val_metric,final_val_loss
42,2,0.9686504777070064,0.10991817007470094
123,2,0.9644705414012739,0.12362755518881188
456,2,0.9653662420382165,0.11540144433528422
789,2,0.964968152866242,0.12187799054441179
1024,1,0.960390127388535,0.14426298801354162
42,2,0.9679538216560509,0.11119122704146964
123,2,0.9644705414012739,0.12362755518881188
