length,mean,std
50,319.733103,0.000000
100,1826.447281,0.000000
200,8509.103943,0.000000
