length,mean,std
50,314.526730,3.455143
100,1816.133470,23.715132
200,8618.263971,19.193324
