length,mean,std
50,311.937594,0.583681
100,1834.630474,16.912930
200,8617.619690,25.623860
