{
  "seed": 42,
  "per_length": {
    "50": {
      "test_loss": 311.52486991882324,
      "test_mse": 311.52486991882324
    },
    "100": {
      "test_loss": 1822.6712265014648,
      "test_mse": 1822.6712265014648
    },
    "200": {
      "test_loss": 8635.738494873047,
      "test_mse": 8635.738494873047
    }
  },
  "lengths": [
    50,
    100,
    200
  ],
  "mean_mse": 3589.9781970977783
}