{
  "seed": 789,
  "per_length": {
    "50": {
      "test_loss": 186.76439094543457,
      "test_mse": 186.76439094543457
    },
    "100": {
      "test_loss": 1582.4107284545898,
      "test_mse": 1582.4107284545898
    },
    "200": {
      "test_loss": 8032.883026123047,
      "test_mse": 8032.883026123047
    }
  },
  "lengths": [
    50,
    100,
    200
  ],
  "mean_mse": 3267.352715174357
}