{
  "seed": 456,
  "per_length": {
    "50": {
      "test_loss": 317.51522064208984,
      "test_mse": 317.51522064208984
    },
    "100": {
      "test_loss": 1794.4737701416016,
      "test_mse": 1794.4737701416016
    },
    "200": {
      "test_loss": 8595.374877929688,
      "test_mse": 8595.374877929688
    }
  },
  "lengths": [
    50,
    100,
    200
  ],
  "mean_mse": 3569.1212895711265
}