{
  "seed": 42,
  "per_length": {
    "50": {
      "test_loss": 319.7331027984619,
      "test_mse": 319.7331027984619
    },
    "100": {
      "test_loss": 1826.447280883789,
      "test_mse": 1826.447280883789
    },
    "200": {
      "test_loss": 8509.103942871094,
      "test_mse": 8509.103942871094
    }
  },
  "lengths": [
    50,
    100,
    200
  ],
  "mean_mse": 3551.7614421844482
}