{
  "seed": 789,
  "per_length": {
    "50": {
      "test_loss": 314.11892318725586,
      "test_mse": 314.11892318725586
    },
    "100": {
      "test_loss": 1790.4752960205078,
      "test_mse": 1790.4752960205078
    },
    "200": {
      "test_loss": 8633.074951171875,
      "test_mse": 8633.074951171875
    }
  },
  "lengths": [
    50,
    100,
    200
  ],
  "mean_mse": 3579.223056793213
}