{
  "seed": 123,
  "per_length": {
    "50": {
      "test_loss": 201.2302713394165,
      "test_mse": 201.2302713394165
    },
    "100": {
      "test_loss": 1544.8478088378906,
      "test_mse": 1544.8478088378906
    },
    "200": {
      "test_loss": 8044.387756347656,
      "test_mse": 8044.387756347656
    }
  },
  "lengths": [
    50,
    100,
    200
  ],
  "mean_mse": 3263.488612174988
}