{
  "seed": 1024,
  "per_length": {
    "50": {
      "test_loss": 318.43775367736816,
      "test_mse": 318.43775367736816
    },
    "100": {
      "test_loss": 1829.683120727539,
      "test_mse": 1829.683120727539
    },
    "200": {
      "test_loss": 8634.68295288086,
      "test_mse": 8634.68295288086
    }
  },
  "lengths": [
    50,
    100,
    200
  ],
  "mean_mse": 3594.267942428589
}