{
  "seed": 123,
  "per_length": {
    "50": {
      "test_loss": 312.3503189086914,
      "test_mse": 312.3503189086914
    },
    "100": {
      "test_loss": 1846.5897216796875,
      "test_mse": 1846.5897216796875
    },
    "200": {
      "test_loss": 8599.500885009766,
      "test_mse": 8599.500885009766
    }
  },
  "lengths": [
    50,
    100,
    200
  ],
  "mean_mse": 3586.1469751993814
}