{
  "seed": 456,
  "per_length": {
    "50": {
      "test_loss": 210.4107789993286,
      "test_mse": 210.4107789993286
    },
    "100": {
      "test_loss": 1603.0858917236328,
      "test_mse": 1603.0858917236328
    },
    "200": {
      "test_loss": 8139.307647705078,
      "test_mse": 8139.307647705078
    }
  },
  "lengths": [
    50,
    100,
    200
  ],
  "mean_mse": 3317.601439476013
}