{
  "seed": 1024,
  "per_length": {
    "50": {
      "test_loss": 165.41547203063965,
      "test_mse": 165.41547203063965
    },
    "100": {
      "test_loss": 1451.411247253418,
      "test_mse": 1451.411247253418
    },
    "200": {
      "test_loss": 7743.615478515625,
      "test_mse": 7743.615478515625
    }
  },
  "lengths": [
    50,
    100,
    200
  ],
  "mean_mse": 3120.147399266561
}