{
  "seed": 42,
  "per_length": {
    "50": {
      "test_loss": 310.2114315032959,
      "test_mse": 310.2114315032959
    },
    "100": {
      "test_loss": 1819.445442199707,
      "test_mse": 1819.445442199707
    },
    "200": {
      "test_loss": 8628.68618774414,
      "test_mse": 8628.68618774414
    }
  },
  "lengths": [
    50,
    100,
    200
  ],
  "mean_mse": 3586.1143538157144
}