{
  "task": "cumsum",
  "model": "lstm",
  "seeds": [
    42,
    123
  ],
  "test_lengths": [
    50,
    100,
    200
  ],
  "accuracy_vs_length": {
    "50": {
      "mean": 311.9375944137573,
      "std": 0.5836805782593646
    },
    "100": {
      "mean": 1834.6304740905762,
      "std": 16.91293013629898
    },
    "200": {
      "mean": 8617.619689941406,
      "std": 25.62385966831869
    }
  }
}