{
  "task": "cumsum",
  "model": "lstm",
  "seeds": [
    42,
    123,
    456,
    789,
    1024
  ],
  "test_lengths": [
    50,
    100,
    200
  ],
  "accuracy_vs_length": {
    "50": {
      "mean": 314.52672958374023,
      "std": 3.4551430966510046
    },
    "100": {
      "mean": 1816.1334701538085,
      "std": 23.71513204150567
    },
    "200": {
      "mean": 8618.263970947266,
      "std": 19.19332357211659
    }
  }
}