{
  "task": "cumsum",
  "model": "lstm",
  "seeds": [
    42
  ],
  "test_lengths": [
    50,
    100,
    200
  ],
  "accuracy_vs_length": {
    "50": {
      "mean": 319.7331027984619,
      "std": 0.0
    },
    "100": {
      "mean": 1826.447280883789,
      "std": 0.0
    },
    "200": {
      "mean": 8509.103942871094,
      "std": 0.0
    }
  }
}