seed,best_epoch,best_val_metric,final_val_loss
42,2,0.9619824840764332,0.13542027880621563
123,2,0.9599920382165605,0.13720886538600086
456,2,0.9568073248407644,0.14007239169470823
789,2,0.9548168789808917,0.14904301879322454
1024,2,0.9510350318471338,0.1685643164191846
