length,mean,std
50,0.457813,0.000000
100,0.502734,0.000000
200,0.519531,0.000000
