length,mean,std
50,0.507266,0.026094
100,0.517344,0.037393
200,0.515234,0.038124
