length,mean,std
50,0.512695,0.014639
100,0.528516,0.009944
200,0.535156,0.027621
