{
  "seed": 123,
  "per_length": {
    "50": {
      "test_loss": 0.5304644163697958,
      "test_accuracy": 0.5230468735098839
    },
    "100": {
      "test_loss": 0.5251124259084463,
      "test_accuracy": 0.521484375
    },
    "200": {
      "test_loss": 0.5296998862177134,
      "test_accuracy": 0.515625
    }
  },
  "lengths": [
    50,
    100,
    200
  ],
  "mean_accuracy": 0.520052082836628
}