{
  "seed": 42,
  "per_length": {
    "50": {
      "test_loss": 0.46553874760866165,
      "test_accuracy": 0.5105468742549419
    },
    "100": {
      "test_loss": 0.4360388219356537,
      "test_accuracy": 0.5789062492549419
    },
    "200": {
      "test_loss": 0.42461002990603447,
      "test_accuracy": 0.5785156264901161
    }
  },
  "lengths": [
    50,
    100,
    200
  ],
  "mean_accuracy": 0.5559895833333334
}