{
  "seed": 1024,
  "per_length": {
    "50": {
      "test_loss": 0.6804665476083755,
      "test_accuracy": 0.5382812507450581
    },
    "100": {
      "test_loss": 0.6981548145413399,
      "test_accuracy": 0.48320312425494194
    },
    "200": {
      "test_loss": 0.6892237402498722,
      "test_accuracy": 0.501953125
    }
  },
  "lengths": [
    50,
    100,
    200
  ],
  "mean_accuracy": 0.5078125
}