{
  "seed": 456,
  "per_length": {
    "50": {
      "test_loss": 0.46530794724822044,
      "test_accuracy": 0.5257812514901161
    },
    "100": {
      "test_loss": 0.5243773926049471,
      "test_accuracy": 0.47812500037252903
    },
    "200": {
      "test_loss": 0.429541889578104,
      "test_accuracy": 0.5578125007450581
    }
  },
  "lengths": [
    50,
    100,
    200
  ],
  "mean_accuracy": 0.5205729175359011
}