{
  "seed": 1024,
  "per_length": {
    "50": {
      "test_loss": 0.47796438448131084,
      "test_accuracy": 0.482421875
    },
    "100": {
      "test_loss": 0.4254445005208254,
      "test_accuracy": 0.5324218757450581
    },
    "200": {
      "test_loss": 0.4385498855262995,
      "test_accuracy": 0.5179687514901161
    }
  },
  "lengths": [
    50,
    100,
    200
  ],
  "mean_accuracy": 0.5109375007450581
}