{
  "seed": 789,
  "per_length": {
    "50": {
      "test_loss": 0.6714674942195415,
      "test_accuracy": 0.49335937574505806
    },
    "100": {
      "test_loss": 0.6694511473178864,
      "test_accuracy": 0.49375000037252903
    },
    "200": {
      "test_loss": 0.6720872595906258,
      "test_accuracy": 0.503515625372529
    }
  },
  "lengths": [
    50,
    100,
    200
  ],
  "mean_accuracy": 0.49687500049670535
}