{
  "seed": 456,
  "per_length": {
    "50": {
      "test_loss": 0.7018280550837517,
      "test_accuracy": 0.47109374962747097
    },
    "100": {
      "test_loss": 0.6739678978919983,
      "test_accuracy": 0.5093749985098839
    },
    "200": {
      "test_loss": 0.6938641406595707,
      "test_accuracy": 0.4765625
    }
  },
  "lengths": [
    50,
    100,
    200
  ],
  "mean_accuracy": 0.48567708271245164
}