{
  "seed": 42,
  "per_length": {
    "50": {
      "test_loss": 0.7251199968159199,
      "test_accuracy": 0.4578125011175871
    },
    "100": {
      "test_loss": 0.70075448974967,
      "test_accuracy": 0.5027343761175871
    },
    "200": {
      "test_loss": 0.6887601166963577,
      "test_accuracy": 0.51953125
    }
  },
  "lengths": [
    50,
    100,
    200
  ],
  "mean_accuracy": 0.49335937574505806
}