{
  "seed": 789,
  "per_length": {
    "50": {
      "test_loss": 0.4927185941487551,
      "test_accuracy": 0.5
    },
    "100": {
      "test_loss": 0.4944464899599552,
      "test_accuracy": 0.49531250074505806
    },
    "200": {
      "test_loss": 0.47361924685537815,
      "test_accuracy": 0.512109374627471
    }
  },
  "lengths": [
    50,
    100,
    200
  ],
  "mean_accuracy": 0.5024739584575096
}