{
  "seed": 42,
  "per_length": {
    "50": {
      "test_loss": 0.6831507943570614,
      "test_accuracy": 0.502343749627471
    },
    "100": {
      "test_loss": 0.6438446678221226,
      "test_accuracy": 0.5355468764901161
    },
    "200": {
      "test_loss": 0.640741690993309,
      "test_accuracy": 0.5546875
    }
  },
  "lengths": [
    50,
    100,
    200
  ],
  "mean_accuracy": 0.530859375372529
}