{
  "seed": 123,
  "per_length": {
    "50": {
      "test_loss": 0.4927362436428666,
      "test_accuracy": 0.45976562425494194
    },
    "100": {
      "test_loss": 0.4710118379443884,
      "test_accuracy": 0.49492187425494194
    },
    "200": {
      "test_loss": 0.4355028513818979,
      "test_accuracy": 0.5324218757450581
    }
  },
  "lengths": [
    50,
    100,
    200
  ],
  "mean_accuracy": 0.4957031247516473
}