seed,best_epoch,best_val_metric,final_val_loss
42,5,0.5908203125,0.60496093519032
123,44,0.59375,0.601140876300633
456,24,0.595703125,0.6039822604507208
789,50,0.6171875,0.6302722226828337
1024,14,0.6357421875,0.5844322862103581
42,1,0.58984375,0.629171347245574
