{
  "task": "last_token",
  "model": "lstm",
  "seeds": [
    42,
    123
  ],
  "test_lengths": [
    50,
    100,
    200
  ],
  "accuracy_vs_length": {
    "50": {
      "mean": 0.5126953115686774,
      "std": 0.014639319288999333
    },
    "100": {
      "mean": 0.5285156257450581,
      "std": 0.009943690164107037
    },
    "200": {
      "mean": 0.53515625,
      "std": 0.027621358640099514
    }
  }
}