{
  "task": "last_token",
  "model": "lstm",
  "seeds": [
    42,
    123,
    456,
    789,
    1024
  ],
  "test_lengths": [
    50,
    100,
    200
  ],
  "accuracy_vs_length": {
    "50": {
      "mean": 0.5072656247764826,
      "std": 0.026093925432309064
    },
    "100": {
      "mean": 0.5173437494784594,
      "std": 0.037392627742525955
    },
    "200": {
      "mean": 0.515234375372529,
      "std": 0.03812448028647546
    }
  }
}