{
  "task": "last_token",
  "model": "lstm",
  "seeds": [
    42
  ],
  "test_lengths": [
    50,
    100,
    200
  ],
  "accuracy_vs_length": {
    "50": {
      "mean": 0.4578125011175871,
      "std": 0.0
    },
    "100": {
      "mean": 0.5027343761175871,
      "std": 0.0
    },
    "200": {
      "mean": 0.51953125,
      "std": 0.0
    }
  }
}