seed,best_epoch,best_val_metric,final_val_loss
42,2,0.7512937898089171,0.6458806103202188
123,2,0.9097332802547771,0.3232845543011738
456,2,0.9205812101910829,0.29710159317892826
789,2,0.8816679936305732,0.3822523843330942
1024,2,0.9048566878980892,0.3267728284855557
