seed,best_epoch,best_val_metric,final_val_loss
42,2,0.9669585987261147,0.11460727596192792
123,2,0.9652667197452229,0.12298831324075248
456,2,0.9671576433121019,0.11587142699937912
789,2,0.963077229299363,0.12712489129607654
1024,2,0.9593949044585988,0.12911989994845383
