length,mean,std
50,0.497852,0.013534
100,0.517773,0.019611
200,0.521484,0.056900
