length,mean,std
50,0.503203,0.028303
100,0.509453,0.016206
200,0.509688,0.030664
