{
  "seed": 456,
  "per_length": {
    "50": {
      "test_loss": 0.4730817563831806,
      "test_accuracy": 0.5355468764901161
    },
    "100": {
      "test_loss": 0.5343000646680593,
      "test_accuracy": 0.48203125037252903
    },
    "200": {
      "test_loss": 0.4355299947783351,
      "test_accuracy": 0.5734375007450581
    }
  },
  "lengths": [
    50,
    100,
    200
  ],
  "mean_accuracy": 0.5303385425359011
}