{
  "seed": 1024,
  "per_length": {
    "50": {
      "test_loss": 0.4792352057993412,
      "test_accuracy": 0.6070312485098839
    },
    "100": {
      "test_loss": 0.4249457009136677,
      "test_accuracy": 0.6449218764901161
    },
    "200": {
      "test_loss": 0.4350124280899763,
      "test_accuracy": 0.6687499992549419
    }
  },
  "lengths": [
    50,
    100,
    200
  ],
  "mean_accuracy": 0.6402343747516474
}