{
  "seed": 1024,
  "per_length": {
    "50": {
      "test_loss": 0.550305524840951,
      "test_accuracy": 0.5519531257450581
    },
    "100": {
      "test_loss": 0.5766387898474932,
      "test_accuracy": 0.5
    },
    "200": {
      "test_loss": 0.5661640111356974,
      "test_accuracy": 0.525390625
    }
  },
  "lengths": [
    50,
    100,
    200
  ],
  "mean_accuracy": 0.5257812502483526
}