{
  "seed": 123,
  "per_length": {
    "50": {
      "test_loss": 0.5806451793760061,
      "test_accuracy": 0.48828125
    },
    "100": {
      "test_loss": 0.5747937690466642,
      "test_accuracy": 0.50390625
    },
    "200": {
      "test_loss": 0.577048871666193,
      "test_accuracy": 0.48124999925494194
    }
  },
  "lengths": [
    50,
    100,
    200
  ],
  "mean_accuracy": 0.49114583308498067
}