{
  "seed": 789,
  "per_length": {
    "50": {
      "test_loss": 0.5059857424348593,
      "test_accuracy": 0.529296875
    },
    "100": {
      "test_loss": 0.5116631407290697,
      "test_accuracy": 0.5167968757450581
    },
    "200": {
      "test_loss": 0.48263748921453953,
      "test_accuracy": 0.536718750372529
    }
  },
  "lengths": [
    50,
    100,
    200
  ],
  "mean_accuracy": 0.5276041670391957
}