{
  "seed": 456,
  "per_length": {
    "50": {
      "test_loss": 0.5426754225045443,
      "test_accuracy": 0.48281249962747097
    },
    "100": {
      "test_loss": 0.4947057794779539,
      "test_accuracy": 0.5249999985098839
    },
    "200": {
      "test_loss": 0.5259495060890913,
      "test_accuracy": 0.490234375
    }
  },
  "lengths": [
    50,
    100,
    200
  ],
  "mean_accuracy": 0.49934895771245164
}