{
  "seed": 42,
  "per_length": {
    "50": {
      "test_loss": 0.5351736731827259,
      "test_accuracy": 0.507421875372529
    },
    "100": {
      "test_loss": 0.5064656436443329,
      "test_accuracy": 0.5316406264901161
    },
    "200": {
      "test_loss": 0.49383126758039,
      "test_accuracy": 0.5617187507450581
    }
  },
  "lengths": [
    50,
    100,
    200
  ],
  "mean_accuracy": 0.5335937508692344
}