{
  "seed": 42,
  "per_length": {
    "50": {
      "test_loss": 0.5216106977313757,
      "test_accuracy": 0.503515625372529
    },
    "100": {
      "test_loss": 0.49585218355059624,
      "test_accuracy": 0.5277343764901161
    },
    "200": {
      "test_loss": 0.4825173281133175,
      "test_accuracy": 0.5558593757450581
    }
  },
  "lengths": [
    50,
    100,
    200
  ],
  "mean_accuracy": 0.5290364592025677
}