{
  "seed": 42,
  "per_length": {
    "50": {
      "test_loss": 0.5936108883470297,
      "test_accuracy": 0.4558593761175871
    },
    "100": {
      "test_loss": 0.5760866422206163,
      "test_accuracy": 0.5007812511175871
    },
    "200": {
      "test_loss": 0.5541613399982452,
      "test_accuracy": 0.521484375
    }
  },
  "lengths": [
    50,
    100,
    200
  ],
  "mean_accuracy": 0.4927083340783914
}