{
  "seed": 789,
  "per_length": {
    "50": {
      "test_loss": 0.5908811464905739,
      "test_accuracy": 0.48945312574505806
    },
    "100": {
      "test_loss": 0.5958481319248676,
      "test_accuracy": 0.49062499962747097
    },
    "200": {
      "test_loss": 0.5941228419542313,
      "test_accuracy": 0.49570312537252903
    }
  },
  "lengths": [
    50,
    100,
    200
  ],
  "mean_accuracy": 0.491927083581686
}