{
  "seed": 123,
  "per_length": {
    "50": {
      "test_loss": 0.5090987142175436,
      "test_accuracy": 0.5785156264901161
    },
    "100": {
      "test_loss": 0.49652931094169617,
      "test_accuracy": 0.5992187485098839
    },
    "200": {
      "test_loss": 0.45684861578047276,
      "test_accuracy": 0.6312500014901161
    }
  },
  "lengths": [
    50,
    100,
    200
  ],
  "mean_accuracy": 0.602994792163372
}