seed,best_epoch,best_val_metric,final_val_loss
42,3,0.5869140625,0.6068719811737537
123,2,0.5986328125,0.6115571288391948
456,26,0.5927734375,0.605420021340251
789,22,0.619140625,0.6019675098359585
1024,10,0.6357421875,0.5872214809060097
42,1,0.5830078125,0.6203510668128729
