{
  "task": "last_token",
  "model": "gru",
  "seeds": [
    42
  ],
  "test_lengths": [
    50,
    100,
    200
  ],
  "accuracy_vs_length": {
    "50": {
      "mean": 0.4558593761175871,
      "std": 0.0
    },
    "100": {
      "mean": 0.5007812511175871,
      "std": 0.0
    },
    "200": {
      "mean": 0.521484375,
      "std": 0.0
    }
  }
}