{
  "task": "last_token",
  "model": "gru",
  "seeds": [
    42,
    123,
    456,
    789,
    1024
  ],
  "test_lengths": [
    50,
    100,
    200
  ],
  "accuracy_vs_length": {
    "50": {
      "mean": 0.5032031252980232,
      "std": 0.028302661823737293
    },
    "100": {
      "mean": 0.5094531249254942,
      "std": 0.016205995276070854
    },
    "200": {
      "mean": 0.5096875000745058,
      "std": 0.03066393850761413
    }
  }
}