{
  "task": "last_token",
  "model": "gru",
  "seeds": [
    42,
    123
  ],
  "test_lengths": [
    50,
    100,
    200
  ],
  "accuracy_vs_length": {
    "50": {
      "mean": 0.4978515626862645,
      "std": 0.013534465997066564
    },
    "100": {
      "mean": 0.5177734382450581,
      "std": 0.019611165688141866
    },
    "200": {
      "mean": 0.521484375,
      "std": 0.05689999985227621
    }
  }
}